tf,asset,trades,wins,losses,wr,total_pnl,avg_win,avg_loss,skip_reasons,trade_data
1m,BTC,10,1,9,10.0,-10.910144820571288,4.663614370911593,-1.7304176879425424,{'volume': 28},"[{'asset': 'BTC', 'signal': 'LONG', 'entry': np.float64(69036.0), 'sl': np.float64(68787.08), 'tp': np.float64(69533.84), 'sl_pct': np.float64(0.0036056550205689534), 'entry_time': Timestamp('2026-02-16 01:10:00'), 'exit': np.float64(68787.08), 'exit_type': 'SL', 'pnl': np.float64(-1.624544759256029), 'bars_held': 13, 'exit_time': Timestamp('2026-02-16 01:23:00'), 'volume_ratio': np.float64(1.8256745129962564), 'timeframe': '1m'}, {'asset': 'BTC', 'signal': 'SHORT', 'entry': np.float64(68489.39), 'sl': np.float64(68857.9), 'tp': np.float64(67752.37000000001), 'sl_pct': np.float64(0.00538054142400735), 'entry_time': Timestamp('2026-02-16 01:39:00'), 'exit': np.float64(68857.9), 'exit_type': 'SL', 'pnl': np.float64(-2.423243640803307), 'bars_held': 192, 'exit_time': Timestamp('2026-02-16 04:51:00'), 'volume_ratio': np.float64(3.5566391738539704), 'timeframe': '1m'}, {'asset': 'BTC', 'signal': 'SHORT', 'entry': np.float64(68364.66), 'sl': np.float64(68441.73), 'tp': np.float64(68210.52000000002), 'sl_pct': np.float64(0.0011273368433338574), 'entry_time': Timestamp('2026-02-16 06:15:00'), 'exit': np.float64(68441.73), 'exit_type': 'SL', 'pnl': np.float64(-0.5093015795002358), 'bars_held': 15, 'exit_time': Timestamp('2026-02-16 06:30:00'), 'volume_ratio': np.float64(2.072585147962032), 'timeframe': '1m'}, {'asset': 'BTC', 'signal': 'SHORT', 'entry': np.float64(68385.82), 'sl': np.float64(68481.64), 'tp': np.float64(68194.18000000002), 'sl_pct': np.float64(0.0014011676689698598), 'entry_time': Timestamp('2026-02-16 07:02:00'), 'exit': np.float64(68481.64), 'exit_type': 'SL', 'pnl': np.float64(-0.6325254510364369), 'bars_held': 3, 'exit_time': Timestamp('2026-02-16 07:05:00'), 'volume_ratio': np.float64(3.314619307157721), 'timeframe': '1m'}, {'asset': 'BTC', 'signal': 'SHORT', 'entry': np.float64(68490.01), 'sl': np.float64(68672.59), 'tp': np.float64(68124.84999999999), 'sl_pct': np.float64(0.0026657902371455596), 'entry_time': Timestamp('2026-02-16 07:39:00'), 'exit': np.float64(68672.59), 'exit_type': 'SL', 'pnl': np.float64(-1.2016056067155019), 'bars_held': 41, 'exit_time': Timestamp('2026-02-16 08:20:00'), 'volume_ratio': np.float64(2.3206296669800093), 'timeframe': '1m'}, {'asset': 'BTC', 'signal': 'LONG', 'entry': np.float64(68855.3), 'sl': np.float64(68681.49), 'tp': np.float64(69202.92), 'sl_pct': np.float64(0.002524279176766315), 'entry_time': Timestamp('2026-02-16 09:02:00'), 'exit': np.float64(68681.49), 'exit_type': 'SL', 'pnl': np.float64(-1.1379256295448419), 'bars_held': 127, 'exit_time': Timestamp('2026-02-16 11:09:00'), 'volume_ratio': np.float64(2.4438738838756353), 'timeframe': '1m'}, {'asset': 'BTC', 'signal': 'SHORT', 'entry': np.float64(68423.32), 'sl': np.float64(68848.49), 'tp': np.float64(67572.98000000001), 'sl_pct': np.float64(0.0062138171605820676), 'entry_time': Timestamp('2026-02-16 11:21:00'), 'exit': np.float64(68848.49), 'exit_type': 'SL', 'pnl': np.float64(-2.79821772226193), 'bars_held': 34, 'exit_time': Timestamp('2026-02-16 11:55:00'), 'volume_ratio': np.float64(1.7008309901932974), 'timeframe': '1m'}, {'asset': 'BTC', 'signal': 'LONG', 'entry': np.float64(68979.34), 'sl': np.float64(68621.75), 'tp': np.float64(69694.51999999999), 'sl_pct': np.float64(0.005184015967679548), 'entry_time': Timestamp('2026-02-16 12:08:00'), 'exit': np.float64(69694.51999999999), 'exit_type': 'TP', 'pnl': np.float64(4.663614370911593), 'bars_held': 43, 'exit_time': Timestamp('2026-02-16 12:51:00'), 'volume_ratio': np.float64(3.159250985085957), 'timeframe': '1m'}, {'asset': 'BTC', 'signal': 'LONG', 'entry': np.float64(69863.34), 'sl': np.float64(69336.0), 'tp': np.float64(70918.01999999999), 'sl_pct': np.float64(0.007548164745630492), 'entry_time': Timestamp('2026-02-16 13:01:00'), 'exit': np.float64(69336.0), 'exit_type': 'SL', 'pnl': np.float64(-3.398674135533721), 'bars_held': 21, 'exit_time': Timestamp('2026-02-16 13:22:00'), 'volume_ratio': np.float64(1.9920266951692092), 'timeframe': '1m'}, {'asset': 'BTC', 'signal': 'LONG', 'entry': np.float64(68541.52), 'sl': np.float64(68260.39), 'tp': np.float64(69103.78000000001), 'sl_pct': np.float64(0.0041016014818463994), 'entry_time': Timestamp('2026-02-16 14:20:00'), 'exit': np.float64(68260.39), 'exit_type': 'SL', 'pnl': np.float64(-1.8477206668308797), 'bars_held': 66, 'exit_time': Timestamp('2026-02-16 15:26:00'), 'volume_ratio': np.float64(3.7827362215575286), 'timeframe': '1m'}]"
1m,ETH,8,1,7,12.5,-20.944412966115344,3.310755543918282,-3.465024072861947,{'volume': 24},"[{'asset': 'ETH', 'signal': 'LONG', 'entry': np.float64(1980.43), 'sl': np.float64(1967.7), 'tp': np.float64(2005.89), 'sl_pct': np.float64(0.006427896971869755), 'entry_time': Timestamp('2026-02-16 01:10:00'), 'exit': np.float64(1967.7), 'exit_type': 'SL', 'pnl': np.float64(-2.894553637341389), 'bars_held': 13, 'exit_time': Timestamp('2026-02-16 01:23:00'), 'volume_ratio': np.float64(3.9964314175400073), 'timeframe': '1m'}, {'asset': 'ETH', 'signal': 'SHORT', 'entry': np.float64(1958.37), 'sl': np.float64(1972.8), 'tp': np.float64(1929.5099999999998), 'sl_pct': np.float64(0.0073683726772775645), 'entry_time': Timestamp('2026-02-16 01:39:00'), 'exit': np.float64(1972.8), 'exit_type': 'SL', 'pnl': np.float64(-3.3177677047749037), 'bars_held': 196, 'exit_time': Timestamp('2026-02-16 04:55:00'), 'volume_ratio': np.float64(3.0897051391735655), 'timeframe': '1m'}, {'asset': 'ETH', 'signal': 'SHORT', 'entry': np.float64(1955.95), 'sl': np.float64(1967.84), 'tp': np.float64(1932.1700000000003), 'sl_pct': np.float64(0.006078887497124094), 'entry_time': Timestamp('2026-02-16 05:24:00'), 'exit': np.float64(1967.84), 'exit_type': 'SL', 'pnl': np.float64(-2.7374993737058424), 'bars_held': 101, 'exit_time': Timestamp('2026-02-16 07:05:00'), 'volume_ratio': np.float64(3.8955101614063903), 'timeframe': '1m'}, {'asset': 'ETH', 'signal': 'SHORT', 'entry': np.float64(1968.85), 'sl': np.float64(1978.64), 'tp': np.float64(1949.2699999999995), 'sl_pct': np.float64(0.004972445844020719), 'entry_time': Timestamp('2026-02-16 07:39:00'), 'exit': np.float64(1978.64), 'exit_type': 'SL', 'pnl': np.float64(-2.239600629809323), 'bars_held': 83, 'exit_time': Timestamp('2026-02-16 09:02:00'), 'volume_ratio': np.float64(3.6244154041197443), 'timeframe': '1m'}, {'asset': 'ETH', 'signal': 'SHORT', 'entry': np.float64(1985.96), 'sl': np.float64(1993.27), 'tp': np.float64(1971.3400000000001), 'sl_pct': np.float64(0.0036808394932425353), 'entry_time': Timestamp('2026-02-16 09:57:00'), 'exit': np.float64(1971.3400000000001), 'exit_type': 'TP', 'pnl': np.float64(3.310755543918282), 'bars_held': 73, 'exit_time': Timestamp('2026-02-16 11:10:00'), 'volume_ratio': np.float64(1.7709731500873935), 'timeframe': '1m'}, {'asset': 'ETH', 'signal': 'SHORT', 'entry': np.float64(1959.54), 'sl': np.float64(1983.87), 'tp': np.float64(1910.88), 'sl_pct': np.float64(0.012416179307388432), 'entry_time': Timestamp('2026-02-16 11:21:00'), 'exit': np.float64(1983.87), 'exit_type': 'SL', 'pnl': np.float64(-5.589280688324794), 'bars_held': 65, 'exit_time': Timestamp('2026-02-16 12:26:00'), 'volume_ratio': np.float64(2.9240982083801175), 'timeframe': '1m'}, {'asset': 'ETH', 'signal': 'LONG', 'entry': np.float64(2000.21), 'sl': np.float64(1986.83), 'tp': np.float64(2026.9700000000003), 'sl_pct': np.float64(0.006689297623749561), 'entry_time': Timestamp('2026-02-16 12:49:00'), 'exit': np.float64(1986.83), 'exit_type': 'SL', 'pnl': np.float64(-3.012183930687302), 'bars_held': 39, 'exit_time': Timestamp('2026-02-16 13:28:00'), 'volume_ratio': np.float64(3.1851233640922874), 'timeframe': '1m'}, {'asset': 'ETH', 'signal': 'LONG', 'entry': np.float64(1974.55), 'sl': np.float64(1954.97), 'tp': np.float64(2013.7099999999998), 'sl_pct': np.float64(0.00991618343420016), 'entry_time': Timestamp('2026-02-16 14:37:00'), 'exit': np.float64(1954.97), 'exit_type': 'SL', 'pnl': np.float64(-4.464282545390072), 'bars_held': 54, 'exit_time': Timestamp('2026-02-16 15:31:00'), 'volume_ratio': np.float64(1.8516186802070747), 'timeframe': '1m'}]"
1m,SOL,10,1,9,10.0,-19.819074254480746,6.644813579511511,-2.940431981554695,"{'volume': 27, 'squeeze_on': 1}","[{'asset': 'SOL', 'signal': 'LONG', 'entry': np.float64(86.43), 'sl': np.float64(85.98), 'tp': np.float64(87.33000000000001), 'sl_pct': np.float64(0.005206525511975041), 'entry_time': Timestamp('2026-02-16 01:07:00'), 'exit': np.float64(85.98), 'exit_type': 'SL', 'pnl': np.float64(-2.3449364803887685), 'bars_held': 17, 'exit_time': Timestamp('2026-02-16 01:24:00'), 'volume_ratio': np.float64(1.851360124098399), 'timeframe': '1m'}, {'asset': 'SOL', 'signal': 'LONG', 'entry': np.float64(85.95), 'sl': np.float64(85.5), 'tp': np.float64(86.85000000000001), 'sl_pct': np.float64(0.005235602094240871), 'entry_time': Timestamp('2026-02-16 02:03:00'), 'exit': np.float64(85.5), 'exit_type': 'SL', 'pnl': np.float64(-2.3580209424083916), 'bars_held': 51, 'exit_time': Timestamp('2026-02-16 02:54:00'), 'volume_ratio': np.float64(9.853010352192761), 'timeframe': '1m'}, {'asset': 'SOL', 'signal': 'SHORT', 'entry': np.float64(85.11), 'sl': np.float64(85.56), 'tp': np.float64(84.21), 'sl_pct': np.float64(0.005287275290800174), 'entry_time': Timestamp('2026-02-16 03:25:00'), 'exit': np.float64(85.56), 'exit_type': 'SL', 'pnl': np.float64(-2.381273880860078), 'bars_held': 56, 'exit_time': Timestamp('2026-02-16 04:21:00'), 'volume_ratio': np.float64(1.5065534838705374), 'timeframe': '1m'}, {'asset': 'SOL', 'signal': 'SHORT', 'entry': np.float64(85.32), 'sl': np.float64(85.57), 'tp': np.float64(84.82), 'sl_pct': np.float64(0.0029301453352086264), 'entry_time': Timestamp('2026-02-16 04:43:00'), 'exit': np.float64(85.57), 'exit_type': 'SL', 'pnl': np.float64(-1.3205654008438819), 'bars_held': 8, 'exit_time': Timestamp('2026-02-16 04:51:00'), 'volume_ratio': np.float64(1.8919062615842532), 'timeframe': '1m'}, {'asset': 'SOL', 'signal': 'SHORT', 'entry': np.float64(84.63), 'sl': np.float64(85.19), 'tp': np.float64(83.50999999999999), 'sl_pct': np.float64(0.006617038875103418), 'entry_time': Timestamp('2026-02-16 05:36:00'), 'exit': np.float64(85.19), 'exit_type': 'SL', 'pnl': np.float64(-2.979667493796538), 'bars_held': 56, 'exit_time': Timestamp('2026-02-16 06:32:00'), 'volume_ratio': np.float64(2.417430942731677), 'timeframe': '1m'}, {'asset': 'SOL', 'signal': 'SHORT', 'entry': np.float64(85.08), 'sl': np.float64(85.51), 'tp': np.float64(84.21999999999998), 'sl_pct': np.float64(0.005054066760695896), 'entry_time': Timestamp('2026-02-16 07:39:00'), 'exit': np.float64(85.51), 'exit_type': 'SL', 'pnl': np.float64(-2.276330042313153), 'bars_held': 83, 'exit_time': Timestamp('2026-02-16 09:02:00'), 'volume_ratio': np.float64(1.5058953218863227), 'timeframe': '1m'}, {'asset': 'SOL', 'signal': 'LONG', 'entry': np.float64(85.88), 'sl': np.float64(85.57), 'tp': np.float64(86.5), 'sl_pct': np.float64(0.0036096879366558253), 'entry_time': Timestamp('2026-02-16 09:26:00'), 'exit': np.float64(85.57), 'exit_type': 'SL', 'pnl': np.float64(-1.6263595714951213), 'bars_held': 103, 'exit_time': Timestamp('2026-02-16 11:09:00'), 'volume_ratio': np.float64(2.2931487073487133), 'timeframe': '1m'}, {'asset': 'SOL', 'signal': 'SHORT', 'entry': np.float64(84.64), 'sl': np.float64(85.98), 'tp': np.float64(81.96), 'sl_pct': np.float64(0.015831758034026505), 'entry_time': Timestamp('2026-02-16 11:21:00'), 'exit': np.float64(85.98), 'exit_type': 'SL', 'pnl': np.float64(-7.126291115311927), 'bars_held': 65, 'exit_time': Timestamp('2026-02-16 12:26:00'), 'volume_ratio': np.float64(3.6148915831566253), 'timeframe': '1m'}, {'asset': 'SOL', 'signal': 'LONG', 'entry': np.float64(86.7), 'sl': np.float64(85.92), 'tp': np.float64(88.26), 'sl_pct': np.float64(0.008996539792387556), 'entry_time': Timestamp('2026-02-16 13:02:00'), 'exit': np.float64(85.92), 'exit_type': 'SL', 'pnl': np.float64(-4.0504429065744), 'bars_held': 19, 'exit_time': Timestamp('2026-02-16 13:21:00'), 'volume_ratio': np.float64(2.9438326334723834), 'timeframe': '1m'}, {'asset': 'SOL', 'signal': 'SHORT', 'entry': np.float64(83.95), 'sl': np.float64(84.57), 'tp': np.float64(82.71000000000002), 'sl_pct': np.float64(0.007385348421679456), 'entry_time': Timestamp('2026-02-16 15:14:00'), 'exit': np.float64(82.71000000000002), 'exit_type': 'TP', 'pnl': np.float64(6.644813579511511), 'bars_held': 19, 'exit_time': Timestamp('2026-02-16 15:33:00'), 'volume_ratio': np.float64(2.2057674469035935), 'timeframe': '1m'}]"
1m,ARB,9,4,5,44.44444444444444,6.432914413944152,4.538351950594017,-2.3440986776863837,"{'volume': 19, 'squeeze_on': 1}","[{'asset': 'ARB', 'signal': 'SHORT', 'entry': np.float64(0.1145), 'sl': np.float64(0.115), 'tp': np.float64(0.1135), 'sl_pct': np.float64(0.00436681222707424), 'entry_time': Timestamp('2026-02-16 00:44:00'), 'exit': np.float64(0.115), 'exit_type': 'SL', 'pnl': np.float64(-1.967065502183408), 'bars_held': 22, 'exit_time': Timestamp('2026-02-16 01:06:00'), 'volume_ratio': np.float64(2.1896592518505043), 'timeframe': '1m'}, {'asset': 'ARB', 'signal': 'SHORT', 'entry': np.float64(0.1139), 'sl': np.float64(0.1145), 'tp': np.float64(0.1127), 'sl_pct': np.float64(0.005267778753292391), 'entry_time': Timestamp('2026-02-16 01:39:00'), 'exit': np.float64(0.1145), 'exit_type': 'SL', 'pnl': np.float64(-2.3725004389815756), 'bars_held': 26, 'exit_time': Timestamp('2026-02-16 02:05:00'), 'volume_ratio': np.float64(2.0292327471737037), 'timeframe': '1m'}, {'asset': 'ARB', 'signal': 'LONG', 'entry': np.float64(0.1147), 'sl': np.float64(0.1144), 'tp': np.float64(0.11529999999999999), 'sl_pct': np.float64(0.0026155187445509567), 'entry_time': Timestamp('2026-02-16 04:51:00'), 'exit': np.float64(0.1144), 'exit_type': 'SL', 'pnl': np.float64(-1.1789834350479305), 'bars_held': 15, 'exit_time': Timestamp('2026-02-16 05:06:00'), 'volume_ratio': np.float64(4.423646031325939), 'timeframe': '1m'}, {'asset': 'ARB', 'signal': 'LONG', 'entry': np.float64(0.1137), 'sl': np.float64(0.1132), 'tp': np.float64(0.1147), 'sl_pct': np.float64(0.004397537379067726), 'entry_time': Timestamp('2026-02-16 06:29:00'), 'exit': np.float64(0.1147), 'exit_type': 'TP', 'pnl': np.float64(3.9557836411609535), 'bars_held': 155, 'exit_time': Timestamp('2026-02-16 09:04:00'), 'volume_ratio': np.float64(4.875658437371124), 'timeframe': '1m'}, {'asset': 'ARB', 'signal': 'LONG', 'entry': np.float64(0.1148), 'sl': np.float64(0.1143), 'tp': np.float64(0.1158), 'sl_pct': np.float64(0.004355400696864116), 'entry_time': Timestamp('2026-02-16 09:34:00'), 'exit': np.float64(0.1143), 'exit_type': 'SL', 'pnl': np.float64(-1.961930313588852), 'bars_held': 52, 'exit_time': Timestamp('2026-02-16 10:26:00'), 'volume_ratio': np.float64(3.8136163919178885), 'timeframe': '1m'}, {'asset': 'ARB', 'signal': 'SHORT', 'entry': np.float64(0.1139), 'sl': np.float64(0.1145), 'tp': np.float64(0.1127), 'sl_pct': np.float64(0.005267778753292391), 'entry_time': Timestamp('2026-02-16 11:09:00'), 'exit': np.float64(0.1127), 'exit_type': 'TP', 'pnl': np.float64(4.739000877963152), 'bars_held': 12, 'exit_time': Timestamp('2026-02-16 11:21:00'), 'volume_ratio': np.float64(1.868818345338193), 'timeframe': '1m'}, {'asset': 'ARB', 'signal': 'LONG', 'entry': np.float64(0.114), 'sl': np.float64(0.1136), 'tp': np.float64(0.1148), 'sl_pct': np.float64(0.0035087719298245402), 'entry_time': Timestamp('2026-02-16 11:51:00'), 'exit': np.float64(0.1148), 'exit_type': 'TP', 'pnl': np.float64(3.1558947368420864), 'bars_held': 35, 'exit_time': Timestamp('2026-02-16 12:26:00'), 'volume_ratio': np.float64(3.822746595147536), 'timeframe': '1m'}, {'asset': 'ARB', 'signal': 'LONG', 'entry': np.float64(0.1168), 'sl': np.float64(0.1157), 'tp': np.float64(0.11900000000000001), 'sl_pct': np.float64(0.009417808219178115), 'entry_time': Timestamp('2026-02-16 13:01:00'), 'exit': np.float64(0.1157), 'exit_type': 'SL', 'pnl': np.float64(-4.240013698630151), 'bars_held': 24, 'exit_time': Timestamp('2026-02-16 13:25:00'), 'volume_ratio': np.float64(1.5190314720071856), 'timeframe': '1m'}, {'asset': 'ARB', 'signal': 'SHORT', 'entry': np.float64(0.1142), 'sl': np.float64(0.115), 'tp': np.float64(0.11259999999999998), 'sl_pct': np.float64(0.0070052539404554205), 'entry_time': Timestamp('2026-02-16 15:14:00'), 'exit': np.float64(0.11259999999999998), 'exit_type': 'TP', 'pnl': np.float64(6.302728546409878), 'bars_held': 18, 'exit_time': Timestamp('2026-02-16 15:32:00'), 'volume_ratio': np.float64(2.2933980306674906), 'timeframe': '1m'}]"
1m,OP,9,1,8,11.11111111111111,-11.988252005803835,1.5836236786469358,-1.6964844605563463,"{'sqz_mom': 6, 'volume': 34}","[{'asset': 'OP', 'signal': 'LONG', 'entry': np.float64(0.1893), 'sl': np.float64(0.1888), 'tp': np.float64(0.1903), 'sl_pct': np.float64(0.0026413100898045453), 'entry_time': Timestamp('2026-02-16 00:50:00'), 'exit': np.float64(0.1888), 'exit_type': 'SL', 'pnl': np.float64(-0.7943930269413636), 'bars_held': 33, 'exit_time': Timestamp('2026-02-16 01:23:00'), 'volume_ratio': np.float64(3.675277175891389), 'timeframe': '1m'}, {'asset': 'OP', 'signal': 'SHORT', 'entry': np.float64(0.1891), 'sl': np.float64(0.1896), 'tp': np.float64(0.1881), 'sl_pct': np.float64(0.002644103648863038), 'entry_time': Timestamp('2026-02-16 04:34:00'), 'exit': np.float64(0.1896), 'exit_type': 'SL', 'pnl': np.float64(-0.7952310946589114), 'bars_held': 20, 'exit_time': Timestamp('2026-02-16 04:54:00'), 'volume_ratio': np.float64(2.4204733265525413), 'timeframe': '1m'}, {'asset': 'OP', 'signal': 'LONG', 'entry': np.float64(0.1877), 'sl': np.float64(0.1871), 'tp': np.float64(0.18890000000000004), 'sl_pct': np.float64(0.00319659030367617), 'entry_time': Timestamp('2026-02-16 06:15:00'), 'exit': np.float64(0.1871), 'exit_type': 'SL', 'pnl': np.float64(-0.960977091102851), 'bars_held': 7, 'exit_time': Timestamp('2026-02-16 06:22:00'), 'volume_ratio': np.float64(2.444973244030691), 'timeframe': '1m'}, {'asset': 'OP', 'signal': 'LONG', 'entry': np.float64(0.1885), 'sl': np.float64(0.1879), 'tp': np.float64(0.18969999999999998), 'sl_pct': np.float64(0.003183023872678989), 'entry_time': Timestamp('2026-02-16 07:13:00'), 'exit': np.float64(0.1879), 'exit_type': 'SL', 'pnl': np.float64(-0.9569071618036967), 'bars_held': 9, 'exit_time': Timestamp('2026-02-16 07:22:00'), 'volume_ratio': np.float64(2.335860572818), 'timeframe': '1m'}, {'asset': 'OP', 'signal': 'SHORT', 'entry': np.float64(0.1876), 'sl': np.float64(0.1887), 'tp': np.float64(0.18539999999999995), 'sl_pct': np.float64(0.005863539445629092), 'entry_time': Timestamp('2026-02-16 07:39:00'), 'exit': np.float64(0.1887), 'exit_type': 'SL', 'pnl': np.float64(-1.7610618336887276), 'bars_held': 39, 'exit_time': Timestamp('2026-02-16 08:18:00'), 'volume_ratio': np.float64(8.564501004628488), 'timeframe': '1m'}, {'asset': 'OP', 'signal': 'SHORT', 'entry': np.float64(0.1883), 'sl': np.float64(0.189), 'tp': np.float64(0.18689999999999998), 'sl_pct': np.float64(0.0037174721189591406), 'entry_time': Timestamp('2026-02-16 08:32:00'), 'exit': np.float64(0.189), 'exit_type': 'SL', 'pnl': np.float64(-1.1172416356877422), 'bars_held': 30, 'exit_time': Timestamp('2026-02-16 09:02:00'), 'volume_ratio': np.float64(1.5689699102715684), 'timeframe': '1m'}, {'asset': 'OP', 'signal': 'SHORT', 'entry': np.float64(0.1892), 'sl': np.float64(0.1897), 'tp': np.float64(0.1882), 'sl_pct': np.float64(0.0026427061310782263), 'entry_time': Timestamp('2026-02-16 10:19:00'), 'exit': np.float64(0.1882), 'exit_type': 'TP', 'pnl': np.float64(1.5836236786469358), 'bars_held': 49, 'exit_time': Timestamp('2026-02-16 11:08:00'), 'volume_ratio': np.float64(1.5351421836882018), 'timeframe': '1m'}, {'asset': 'OP', 'signal': 'SHORT', 'entry': np.float64(0.186), 'sl': np.float64(0.1887), 'tp': np.float64(0.18059999999999998), 'sl_pct': np.float64(0.014516129032258107), 'entry_time': Timestamp('2026-02-16 11:21:00'), 'exit': np.float64(0.1887), 'exit_type': 'SL', 'pnl': np.float64(-4.356838709677432), 'bars_held': 65, 'exit_time': Timestamp('2026-02-16 12:26:00'), 'volume_ratio': np.float64(3.4344834566339566), 'timeframe': '1m'}, {'asset': 'OP', 'signal': 'LONG', 'entry': np.float64(0.191), 'sl': np.float64(0.1892), 'tp': np.float64(0.1946), 'sl_pct': np.float64(0.009424083769633487), 'entry_time': Timestamp('2026-02-16 12:51:00'), 'exit': np.float64(0.1892), 'exit_type': 'SL', 'pnl': np.float64(-2.829225130890046), 'bars_held': 37, 'exit_time': Timestamp('2026-02-16 13:28:00'), 'volume_ratio': np.float64(3.6609707897590478), 'timeframe': '1m'}]"
5m,BTC,10,1,9,10.0,-35.28543400534612,14.234077751367197,-5.502167972968146,"{'volume': 38, 'squeeze_on': 3, 'sqz_mom': 1}","[{'asset': 'BTC', 'signal': 'LONG', 'entry': np.float64(71134.96), 'sl': np.float64(70220.12), 'tp': np.float64(72964.64000000003), 'sl_pct': np.float64(0.012860624368102702), 'entry_time': Timestamp('2026-02-09 03:40:00'), 'exit': np.float64(70220.12), 'exit_type': 'SL', 'pnl': np.float64(-5.789280965646216), 'bars_held': 56, 'exit_time': Timestamp('2026-02-09 08:20:00'), 'volume_ratio': np.float64(2.2324391497105878), 'timeframe': '5m'}, {'asset': 'BTC', 'signal': 'SHORT', 'entry': np.float64(69462.99), 'sl': np.float64(70229.54), 'tp': np.float64(67929.89000000003), 'sl_pct': np.float64(0.01103537293744465), 'entry_time': Timestamp('2026-02-09 10:00:00'), 'exit': np.float64(70229.54), 'exit_type': 'SL', 'pnl': np.float64(-4.967917821850092), 'bars_held': 81, 'exit_time': Timestamp('2026-02-09 16:45:00'), 'volume_ratio': np.float64(1.56261861808522), 'timeframe': '5m'}, {'asset': 'BTC', 'signal': 'LONG', 'entry': np.float64(70548.79), 'sl': np.float64(69100.0), 'tp': np.float64(73446.36999999998), 'sl_pct': np.float64(0.02053600068831788), 'entry_time': Timestamp('2026-02-09 17:35:00'), 'exit': np.float64(69100.0), 'exit_type': 'SL', 'pnl': np.float64(-9.243200309743047), 'bars_held': 154, 'exit_time': Timestamp('2026-02-10 06:25:00'), 'volume_ratio': np.float64(2.8104602219270065), 'timeframe': '5m'}, {'asset': 'BTC', 'signal': 'LONG', 'entry': np.float64(69360.87), 'sl': np.float64(68725.81), 'tp': np.float64(70630.98999999999), 'sl_pct': np.float64(0.00915588284864359), 'entry_time': Timestamp('2026-02-10 09:00:00'), 'exit': np.float64(68725.81), 'exit_type': 'SL', 'pnl': np.float64(-4.122147281889616), 'bars_held': 32, 'exit_time': Timestamp('2026-02-10 11:40:00'), 'volume_ratio': np.float64(1.652513009635181), 'timeframe': '5m'}, {'asset': 'BTC', 'signal': 'LONG', 'entry': np.float64(69032.62), 'sl': np.float64(68370.23), 'tp': np.float64(70357.4), 'sl_pct': np.float64(0.009595318850711439), 'entry_time': Timestamp('2026-02-10 13:30:00'), 'exit': np.float64(68370.23), 'exit_type': 'SL', 'pnl': np.float64(-4.319893482820147), 'bars_held': 14, 'exit_time': Timestamp('2026-02-10 14:40:00'), 'volume_ratio': np.float64(2.051219975545124), 'timeframe': '5m'}, {'asset': 'BTC', 'signal': 'SHORT', 'entry': np.float64(68903.74), 'sl': np.float64(69993.65), 'tp': np.float64(66723.92000000003), 'sl_pct': np.float64(0.015817864168185775), 'entry_time': Timestamp('2026-02-10 18:25:00'), 'exit': np.float64(66723.92000000003), 'exit_type': 'TP', 'pnl': np.float64(14.234077751367197), 'bars_held': 142, 'exit_time': Timestamp('2026-02-11 06:15:00'), 'volume_ratio': np.float64(1.577691036050923), 'timeframe': '5m'}, {'asset': 'BTC', 'signal': 'SHORT', 'entry': np.float64(66611.02), 'sl': np.float64(67001.13), 'tp': np.float64(65830.8), 'sl_pct': np.float64(0.005856538452646432), 'entry_time': Timestamp('2026-02-11 10:45:00'), 'exit': np.float64(67001.13), 'exit_type': 'SL', 'pnl': np.float64(-2.6374423036908943), 'bars_held': 7, 'exit_time': Timestamp('2026-02-11 11:20:00'), 'volume_ratio': np.float64(2.351607478708218), 'timeframe': '5m'}, {'asset': 'BTC', 'signal': 'LONG', 'entry': np.float64(67879.71), 'sl': np.float64(66799.58), 'tp': np.float64(70039.97000000002), 'sl_pct': np.float64(0.015912413296992643), 'entry_time': Timestamp('2026-02-11 14:00:00'), 'exit': np.float64(66799.58), 'exit_type': 'SL', 'pnl': np.float64(-7.1625859836466885), 'bars_held': 10, 'exit_time': Timestamp('2026-02-11 14:50:00'), 'volume_ratio': np.float64(1.9513534004498834), 'timeframe': '5m'}, {'asset': 'BTC', 'signal': 'LONG', 'entry': np.float64(67961.92), 'sl': np.float64(67190.0), 'tp': np.float64(69505.76), 'sl_pct': np.float64(0.011358125256025703), 'entry_time': Timestamp('2026-02-11 21:20:00'), 'exit': np.float64(67190.0), 'exit_type': 'SL', 'pnl': np.float64(-5.113156365211566), 'bars_held': 24, 'exit_time': Timestamp('2026-02-11 23:20:00'), 'volume_ratio': np.float64(5.963508059394419), 'timeframe': '5m'}, {'asset': 'BTC', 'signal': 'LONG', 'entry': np.float64(67809.42), 'sl': np.float64(66880.9), 'tp': np.float64(69666.46), 'sl_pct': np.float64(0.013693082760477883), 'entry_time': Timestamp('2026-02-12 01:25:00'), 'exit': np.float64(66880.9), 'exit_type': 'SL', 'pnl': np.float64(-6.163887242215047), 'bars_held': 45, 'exit_time': Timestamp('2026-02-12 05:10:00'), 'volume_ratio': np.float64(1.6128713406402373), 'timeframe': '5m'}]"
5m,ETH,8,3,5,37.5,-0.45603998880486074,10.696650798707742,-6.509198476985617,"{'volume': 26, 'squeeze_on': 3}","[{'asset': 'ETH', 'signal': 'SHORT', 'entry': np.float64(2077.1), 'sl': np.float64(2097.01), 'tp': np.float64(2037.2799999999993), 'sl_pct': np.float64(0.009585479755428391), 'entry_time': Timestamp('2026-02-09 06:15:00'), 'exit': np.float64(2037.2799999999993), 'exit_type': 'TP', 'pnl': np.float64(8.624931779885552), 'bars_held': 27, 'exit_time': Timestamp('2026-02-09 08:30:00'), 'volume_ratio': np.float64(3.95586481237591), 'timeframe': '5m'}, {'asset': 'ETH', 'signal': 'SHORT', 'entry': np.float64(2033.97), 'sl': np.float64(2057.43), 'tp': np.float64(1987.0500000000004), 'sl_pct': np.float64(0.011534093423206737), 'entry_time': Timestamp('2026-02-09 10:15:00'), 'exit': np.float64(2057.43), 'exit_type': 'SL', 'pnl': np.float64(-5.192342040443032), 'bars_held': 57, 'exit_time': Timestamp('2026-02-09 15:00:00'), 'volume_ratio': np.float64(1.74669313963217), 'timeframe': '5m'}, {'asset': 'ETH', 'signal': 'LONG', 'entry': np.float64(2081.07), 'sl': np.float64(2032.1), 'tp': np.float64(2179.0100000000007), 'sl_pct': np.float64(0.02353116425684876), 'entry_time': Timestamp('2026-02-09 16:40:00'), 'exit': np.float64(2032.1), 'exit_type': 'SL', 'pnl': np.float64(-10.591023915581943), 'bars_held': 168, 'exit_time': Timestamp('2026-02-10 06:40:00'), 'volume_ratio': np.float64(2.565968883611699), 'timeframe': '5m'}, {'asset': 'ETH', 'signal': 'SHORT', 'entry': np.float64(2014.09), 'sl': np.float64(2040.01), 'tp': np.float64(1962.2499999999998), 'sl_pct': np.float64(0.012869335531182854), 'entry_time': Timestamp('2026-02-10 14:35:00'), 'exit': np.float64(2040.01), 'exit_type': 'SL', 'pnl': np.float64(-5.793200989032284), 'bars_held': 35, 'exit_time': Timestamp('2026-02-10 17:30:00'), 'volume_ratio': np.float64(2.526710908527858), 'timeframe': '5m'}, {'asset': 'ETH', 'signal': 'SHORT', 'entry': np.float64(2015.02), 'sl': np.float64(2046.94), 'tp': np.float64(1951.1799999999998), 'sl_pct': np.float64(0.015841033835892485), 'entry_time': Timestamp('2026-02-10 18:20:00'), 'exit': np.float64(1951.1799999999998), 'exit_type': 'TP', 'pnl': np.float64(14.254930452303235), 'bars_held': 142, 'exit_time': Timestamp('2026-02-11 06:10:00'), 'volume_ratio': np.float64(2.7745306084997914), 'timeframe': '5m'}, {'asset': 'ETH', 'signal': 'LONG', 'entry': np.float64(1952.0), 'sl': np.float64(1932.02), 'tp': np.float64(1991.96), 'sl_pct': np.float64(0.010235655737704928), 'entry_time': Timestamp('2026-02-11 11:20:00'), 'exit': np.float64(1991.96), 'exit_type': 'TP', 'pnl': np.float64(9.210090163934435), 'bars_held': 34, 'exit_time': Timestamp('2026-02-11 14:10:00'), 'volume_ratio': np.float64(1.5086806740955399), 'timeframe': '5m'}, {'asset': 'ETH', 'signal': 'LONG', 'entry': np.float64(1970.59), 'sl': np.float64(1940.49), 'tp': np.float64(2030.7899999999997), 'sl_pct': np.float64(0.015274613186913519), 'entry_time': Timestamp('2026-02-11 21:20:00'), 'exit': np.float64(1940.49), 'exit_type': 'SL', 'pnl': np.float64(-6.875575934111083), 'bars_held': 24, 'exit_time': Timestamp('2026-02-11 23:20:00'), 'volume_ratio': np.float64(3.2223792688181585), 'timeframe': '5m'}, {'asset': 'ETH', 'signal': 'SHORT', 'entry': np.float64(1957.55), 'sl': np.float64(1975.35), 'tp': np.float64(1921.95), 'sl_pct': np.float64(0.009092998901688312), 'entry_time': Timestamp('2026-02-12 05:10:00'), 'exit': np.float64(1975.35), 'exit_type': 'SL', 'pnl': np.float64(-4.09384950575974), 'bars_held': 15, 'exit_time': Timestamp('2026-02-12 06:25:00'), 'volume_ratio': np.float64(2.0959696062605073), 'timeframe': '5m'}]"
5m,SOL,8,3,5,37.5,-0.011903025579858006,10.796154598633485,-6.480073364296063,"{'volume': 42, 'sqz_mom': 1, 'squeeze_on': 5}","[{'asset': 'SOL', 'signal': 'SHORT', 'entry': np.float64(86.73), 'sl': np.float64(87.59), 'tp': np.float64(85.01), 'sl_pct': np.float64(0.009915830739075284), 'entry_time': Timestamp('2026-02-09 06:00:00'), 'exit': np.float64(85.01), 'exit_type': 'TP', 'pnl': np.float64(8.922247665167754), 'bars_held': 27, 'exit_time': Timestamp('2026-02-09 08:15:00'), 'volume_ratio': np.float64(3.3551069615122806), 'timeframe': '5m'}, {'asset': 'SOL', 'signal': 'SHORT', 'entry': np.float64(83.79), 'sl': np.float64(84.93), 'tp': np.float64(81.51), 'sl_pct': np.float64(0.013605442176870755), 'entry_time': Timestamp('2026-02-09 10:15:00'), 'exit': np.float64(84.93), 'exit_type': 'SL', 'pnl': np.float64(-6.12444897959184), 'bars_held': 53, 'exit_time': Timestamp('2026-02-09 14:40:00'), 'volume_ratio': np.float64(2.348726681398086), 'timeframe': '5m'}, {'asset': 'SOL', 'signal': 'LONG', 'entry': np.float64(86.05), 'sl': np.float64(84.32), 'tp': np.float64(89.51), 'sl_pct': np.float64(0.02010459035444514), 'entry_time': Timestamp('2026-02-09 16:40:00'), 'exit': np.float64(84.32), 'exit_type': 'SL', 'pnl': np.float64(-9.049065659500313), 'bars_held': 170, 'exit_time': Timestamp('2026-02-10 06:50:00'), 'volume_ratio': np.float64(2.3816176339194706), 'timeframe': '5m'}, {'asset': 'SOL', 'signal': 'SHORT', 'entry': np.float64(84.06), 'sl': np.float64(84.73), 'tp': np.float64(82.72), 'sl_pct': np.float64(0.007970497263859169), 'entry_time': Timestamp('2026-02-10 11:40:00'), 'exit': np.float64(84.73), 'exit_type': 'SL', 'pnl': np.float64(-3.588723768736626), 'bars_held': 22, 'exit_time': Timestamp('2026-02-10 13:30:00'), 'volume_ratio': np.float64(3.316260978368208), 'timeframe': '5m'}, {'asset': 'SOL', 'signal': 'SHORT', 'entry': np.float64(84.0), 'sl': np.float64(85.24), 'tp': np.float64(81.52000000000001), 'sl_pct': np.float64(0.014761904761904702), 'entry_time': Timestamp('2026-02-10 14:35:00'), 'exit': np.float64(81.52000000000001), 'exit_type': 'TP', 'pnl': np.float64(13.28371428571423), 'bars_held': 186, 'exit_time': Timestamp('2026-02-11 06:05:00'), 'volume_ratio': np.float64(2.3910062091507536), 'timeframe': '5m'}, {'asset': 'SOL', 'signal': 'LONG', 'entry': np.float64(81.3), 'sl': np.float64(80.38), 'tp': np.float64(83.14), 'sl_pct': np.float64(0.011316113161131633), 'entry_time': Timestamp('2026-02-11 11:20:00'), 'exit': np.float64(83.14), 'exit_type': 'TP', 'pnl': np.float64(10.18250184501847), 'bars_held': 34, 'exit_time': Timestamp('2026-02-11 14:10:00'), 'volume_ratio': np.float64(1.8176456835694008), 'timeframe': '5m'}, {'asset': 'SOL', 'signal': 'SHORT', 'entry': np.float64(79.15), 'sl': np.float64(80.94), 'tp': np.float64(75.57000000000002), 'sl_pct': np.float64(0.022615287428932304), 'entry_time': Timestamp('2026-02-11 16:35:00'), 'exit': np.float64(80.94), 'exit_type': 'SL', 'pnl': np.float64(-10.178879343019538), 'bars_held': 60, 'exit_time': Timestamp('2026-02-11 21:35:00'), 'volume_ratio': np.float64(2.311653255048396), 'timeframe': '5m'}, {'asset': 'SOL', 'signal': 'LONG', 'entry': np.float64(80.7), 'sl': np.float64(80.08), 'tp': np.float64(81.94000000000001), 'sl_pct': np.float64(0.007682775712515546), 'entry_time': Timestamp('2026-02-12 04:00:00'), 'exit': np.float64(80.08), 'exit_type': 'SL', 'pnl': np.float64(-3.4592490706319956), 'bars_held': 14, 'exit_time': Timestamp('2026-02-12 05:10:00'), 'volume_ratio': np.float64(2.9601971128120814), 'timeframe': '5m'}]"
5m,ARB,7,1,6,14.285714285714285,-48.2720702038728,14.011840830449904,-10.380651839053785,"{'volume': 30, 'sqz_mom': 2, 'squeeze_on': 2}","[{'asset': 'ARB', 'signal': 'SHORT', 'entry': np.float64(0.1156), 'sl': np.float64(0.1174), 'tp': np.float64(0.11199999999999997), 'sl_pct': np.float64(0.01557093425605545), 'entry_time': Timestamp('2026-02-09 06:00:00'), 'exit': np.float64(0.11199999999999997), 'exit_type': 'TP', 'pnl': np.float64(14.011840830449904), 'bars_held': 39, 'exit_time': Timestamp('2026-02-09 09:15:00'), 'volume_ratio': np.float64(2.5600768408940207), 'timeframe': '5m'}, {'asset': 'ARB', 'signal': 'SHORT', 'entry': np.float64(0.1105), 'sl': np.float64(0.1131), 'tp': np.float64(0.10529999999999999), 'sl_pct': np.float64(0.023529411764705927), 'entry_time': Timestamp('2026-02-09 10:15:00'), 'exit': np.float64(0.1131), 'exit_type': 'SL', 'pnl': np.float64(-10.590235294117669), 'bars_held': 78, 'exit_time': Timestamp('2026-02-09 16:45:00'), 'volume_ratio': np.float64(3.4678896056454906), 'timeframe': '5m'}, {'asset': 'ARB', 'signal': 'LONG', 'entry': np.float64(0.1152), 'sl': np.float64(0.1102), 'tp': np.float64(0.12519999999999998), 'sl_pct': np.float64(0.0434027777777777), 'entry_time': Timestamp('2026-02-09 17:35:00'), 'exit': np.float64(0.1102), 'exit_type': 'SL', 'pnl': np.float64(-19.533249999999963), 'bars_held': 119, 'exit_time': Timestamp('2026-02-10 03:30:00'), 'volume_ratio': np.float64(2.9258380390614027), 'timeframe': '5m'}, {'asset': 'ARB', 'signal': 'SHORT', 'entry': np.float64(0.1096), 'sl': np.float64(0.1114), 'tp': np.float64(0.10600000000000001), 'sl_pct': np.float64(0.01642335766423354), 'entry_time': Timestamp('2026-02-10 06:05:00'), 'exit': np.float64(0.1114), 'exit_type': 'SL', 'pnl': np.float64(-7.392510948905093), 'bars_held': 111, 'exit_time': Timestamp('2026-02-10 15:20:00'), 'volume_ratio': np.float64(6.297545222505182), 'timeframe': '5m'}, {'asset': 'ARB', 'signal': 'SHORT', 'entry': np.float64(0.1091), 'sl': np.float64(0.111), 'tp': np.float64(0.1053), 'sl_pct': np.float64(0.017415215398716762), 'entry_time': Timestamp('2026-02-10 18:30:00'), 'exit': np.float64(0.111), 'exit_type': 'SL', 'pnl': np.float64(-7.838846929422543), 'bars_held': 86, 'exit_time': Timestamp('2026-02-11 01:40:00'), 'volume_ratio': np.float64(1.9610008086739688), 'timeframe': '5m'}, {'asset': 'ARB', 'signal': 'SHORT', 'entry': np.float64(0.1095), 'sl': np.float64(0.1116), 'tp': np.float64(0.10529999999999999), 'sl_pct': np.float64(0.019178082191780865), 'entry_time': Timestamp('2026-02-11 03:15:00'), 'exit': np.float64(0.1116), 'exit_type': 'SL', 'pnl': np.float64(-8.63213698630139), 'bars_held': 130, 'exit_time': Timestamp('2026-02-11 14:05:00'), 'volume_ratio': np.float64(2.3252788385356604), 'timeframe': '5m'}, {'asset': 'ARB', 'signal': 'SHORT', 'entry': np.float64(0.1085), 'sl': np.float64(0.1105), 'tp': np.float64(0.1045), 'sl_pct': np.float64(0.01843317972350232), 'entry_time': Timestamp('2026-02-11 23:10:00'), 'exit': np.float64(0.1105), 'exit_type': 'SL', 'pnl': np.float64(-8.296930875576045), 'bars_held': 42, 'exit_time': Timestamp('2026-02-12 02:40:00'), 'volume_ratio': np.float64(1.6664038032049133), 'timeframe': '5m'}]"
5m,OP,7,2,5,28.57142857142857,-7.16368715711878,8.80270218267457,-4.953818304493584,"{'volume': 25, 'sqz_mom': 1}","[{'asset': 'OP', 'signal': 'LONG', 'entry': np.float64(0.1929), 'sl': np.float64(0.1894), 'tp': np.float64(0.19989999999999994), 'sl_pct': np.float64(0.018144116122343058), 'entry_time': Timestamp('2026-02-09 03:40:00'), 'exit': np.float64(0.1894), 'exit_type': 'SL', 'pnl': np.float64(-5.445234836702917), 'bars_held': 34, 'exit_time': Timestamp('2026-02-09 06:30:00'), 'volume_ratio': np.float64(4.297878890266459), 'timeframe': '5m'}, {'asset': 'OP', 'signal': 'SHORT', 'entry': np.float64(0.1893), 'sl': np.float64(0.1921), 'tp': np.float64(0.1837), 'sl_pct': np.float64(0.014791336502905426), 'entry_time': Timestamp('2026-02-09 07:35:00'), 'exit': np.float64(0.1837), 'exit_type': 'TP', 'pnl': np.float64(8.872801901743255), 'bars_held': 32, 'exit_time': Timestamp('2026-02-09 10:15:00'), 'volume_ratio': np.float64(1.6249416422076943), 'timeframe': '5m'}, {'asset': 'OP', 'signal': 'SHORT', 'entry': np.float64(0.184), 'sl': np.float64(0.1851), 'tp': np.float64(0.18180000000000002), 'sl_pct': np.float64(0.005978260869565162), 'entry_time': Timestamp('2026-02-09 13:35:00'), 'exit': np.float64(0.1851), 'exit_type': 'SL', 'pnl': np.float64(-1.7954782608695485), 'bars_held': 12, 'exit_time': Timestamp('2026-02-09 14:35:00'), 'volume_ratio': np.float64(2.2849456869952083), 'timeframe': '5m'}, {'asset': 'OP', 'signal': 'LONG', 'entry': np.float64(0.1888), 'sl': np.float64(0.1842), 'tp': np.float64(0.19799999999999998), 'sl_pct': np.float64(0.02436440677966098), 'entry_time': Timestamp('2026-02-09 16:40:00'), 'exit': np.float64(0.1842), 'exit_type': 'SL', 'pnl': np.float64(-7.311322033898294), 'bars_held': 158, 'exit_time': Timestamp('2026-02-10 05:50:00'), 'volume_ratio': np.float64(1.6914026707333847), 'timeframe': '5m'}, {'asset': 'OP', 'signal': 'LONG', 'entry': np.float64(0.1823), 'sl': np.float64(0.1803), 'tp': np.float64(0.1863), 'sl_pct': np.float64(0.010970927043335172), 'entry_time': Timestamp('2026-02-10 13:30:00'), 'exit': np.float64(0.1803), 'exit_type': 'SL', 'pnl': np.float64(-3.2932781130005515), 'bars_held': 184, 'exit_time': Timestamp('2026-02-11 04:50:00'), 'volume_ratio': np.float64(3.9322024965507594), 'timeframe': '5m'}, {'asset': 'OP', 'signal': 'SHORT', 'entry': np.float64(0.1777), 'sl': np.float64(0.1818), 'tp': np.float64(0.1695), 'sl_pct': np.float64(0.023072594259988703), 'entry_time': Timestamp('2026-02-11 06:10:00'), 'exit': np.float64(0.1818), 'exit_type': 'SL', 'pnl': np.float64(-6.92377827799661), 'bars_held': 94, 'exit_time': Timestamp('2026-02-11 14:00:00'), 'volume_ratio': np.float64(4.792414318381258), 'timeframe': '5m'}, {'asset': 'OP', 'signal': 'LONG', 'entry': np.float64(0.1786), 'sl': np.float64(0.176), 'tp': np.float64(0.18380000000000005), 'sl_pct': np.float64(0.014557670772676477), 'entry_time': Timestamp('2026-02-11 20:50:00'), 'exit': np.float64(0.18380000000000005), 'exit_type': 'TP', 'pnl': np.float64(8.732602463605886), 'bars_held': 115, 'exit_time': Timestamp('2026-02-12 06:25:00'), 'volume_ratio': np.float64(1.6525789727380336), 'timeframe': '5m'}]"
15m,BTC,7,2,5,28.57142857142857,-21.136087074966746,8.547450876516846,-7.646197765600087,{'volume': 17},"[{'asset': 'BTC', 'signal': 'SHORT', 'entry': np.float64(87699.78), 'sl': np.float64(88519.99), 'tp': np.float64(86059.35999999999), 'sl_pct': np.float64(0.009352475000507485), 'entry_time': Timestamp('2025-11-25 07:15:00'), 'exit': np.float64(88519.99), 'exit_type': 'SL', 'pnl': np.float64(-4.210613750228368), 'bars_held': 136, 'exit_time': Timestamp('2025-11-26 17:15:00'), 'volume_ratio': np.float64(2.6691897863795373), 'timeframe': '15m'}, {'asset': 'BTC', 'signal': 'LONG', 'entry': np.float64(90688.06), 'sl': np.float64(89644.77), 'tp': np.float64(92774.63999999998), 'sl_pct': np.float64(0.01150416052565237), 'entry_time': Timestamp('2025-11-27 01:00:00'), 'exit': np.float64(92774.63999999998), 'exit_type': 'TP', 'pnl': np.float64(10.351744473087132), 'bars_held': 149, 'exit_time': Timestamp('2025-11-28 14:15:00'), 'volume_ratio': np.float64(1.68867257198314), 'timeframe': '15m'}, {'asset': 'BTC', 'signal': 'SHORT', 'entry': np.float64(90549.78), 'sl': np.float64(90964.43), 'tp': np.float64(89720.48000000001), 'sl_pct': np.float64(0.004579249115790167), 'entry_time': Timestamp('2025-11-29 06:15:00'), 'exit': np.float64(90964.43), 'exit_type': 'SL', 'pnl': np.float64(-2.062662102105575), 'bars_held': 36, 'exit_time': Timestamp('2025-11-29 15:15:00'), 'volume_ratio': np.float64(3.913279370967798), 'timeframe': '15m'}, {'asset': 'BTC', 'signal': 'SHORT', 'entry': np.float64(90615.48), 'sl': np.float64(91055.5), 'tp': np.float64(89735.43999999999), 'sl_pct': np.float64(0.004855903207708043), 'entry_time': Timestamp('2025-11-30 03:00:00'), 'exit': np.float64(91055.5), 'exit_type': 'SL', 'pnl': np.float64(-2.1871564434686195), 'bars_held': 21, 'exit_time': Timestamp('2025-11-30 08:15:00'), 'volume_ratio': np.float64(2.391924244382987), 'timeframe': '15m'}, {'asset': 'BTC', 'signal': 'SHORT', 'entry': np.float64(91166.74), 'sl': np.float64(91850.0), 'tp': np.float64(89800.22000000002), 'sl_pct': np.float64(0.007494619199940622), 'entry_time': Timestamp('2025-11-30 21:00:00'), 'exit': np.float64(89800.22000000002), 'exit_type': 'TP', 'pnl': np.float64(6.74315727994656), 'bars_held': 12, 'exit_time': Timestamp('2025-12-01 00:00:00'), 'volume_ratio': np.float64(2.1050595728872645), 'timeframe': '15m'}, {'asset': 'BTC', 'signal': 'SHORT', 'entry': np.float64(86819.53), 'sl': np.float64(91351.61), 'tp': np.float64(77755.37), 'sl_pct': np.float64(0.05220115796526429), 'entry_time': Timestamp('2025-12-01 02:30:00'), 'exit': np.float64(91351.61), 'exit_type': 'SL', 'pnl': np.float64(-23.492521084368928), 'bars_held': 155, 'exit_time': Timestamp('2025-12-02 17:15:00'), 'volume_ratio': np.float64(1.929616185022892), 'timeframe': '15m'}, {'asset': 'BTC', 'signal': 'LONG', 'entry': np.float64(92251.63), 'sl': np.float64(90965.02), 'tp': np.float64(94824.85), 'sl_pct': np.float64(0.01394674543961988), 'entry_time': Timestamp('2025-12-03 01:45:00'), 'exit': np.float64(90965.02), 'exit_type': 'SL', 'pnl': np.float64(-6.278035447828946), 'bars_held': 166, 'exit_time': Timestamp('2025-12-04 19:15:00'), 'volume_ratio': np.float64(1.5570186553138712), 'timeframe': '15m'}]"
15m,ETH,10,1,9,10.0,-60.07675464741123,9.732095592634437,-7.75653891556063,"{'squeeze_on': 6, 'volume': 22, 'sqz_mom': 1}","[{'asset': 'ETH', 'signal': 'SHORT', 'entry': np.float64(2902.77), 'sl': np.float64(2943.03), 'tp': np.float64(2822.2499999999995), 'sl_pct': np.float64(0.013869510846536315), 'entry_time': Timestamp('2025-11-25 07:45:00'), 'exit': np.float64(2943.03), 'exit_type': 'SL', 'pnl': np.float64(-6.2432798809413415), 'bars_held': 37, 'exit_time': Timestamp('2025-11-25 17:00:00'), 'volume_ratio': np.float64(2.192268559495972), 'timeframe': '15m'}, {'asset': 'ETH', 'signal': 'SHORT', 'entry': np.float64(2927.2), 'sl': np.float64(2984.0), 'tp': np.float64(2813.5999999999995), 'sl_pct': np.float64(0.019404208800218703), 'entry_time': Timestamp('2025-11-26 03:45:00'), 'exit': np.float64(2984.0), 'exit_type': 'SL', 'pnl': np.float64(-8.733893960098417), 'bars_held': 55, 'exit_time': Timestamp('2025-11-26 17:30:00'), 'volume_ratio': np.float64(3.6824577161098477), 'timeframe': '15m'}, {'asset': 'ETH', 'signal': 'LONG', 'entry': np.float64(3067.47), 'sl': np.float64(3004.61), 'tp': np.float64(3193.189999999999), 'sl_pct': np.float64(0.020492457953948915), 'entry_time': Timestamp('2025-11-27 02:15:00'), 'exit': np.float64(3004.61), 'exit_type': 'SL', 'pnl': np.float64(-9.223606079277012), 'bars_held': 42, 'exit_time': Timestamp('2025-11-27 12:45:00'), 'volume_ratio': np.float64(1.8662370969047946), 'timeframe': '15m'}, {'asset': 'ETH', 'signal': 'SHORT', 'entry': np.float64(3012.4), 'sl': np.float64(3044.44), 'tp': np.float64(2948.32), 'sl_pct': np.float64(0.010636037710795366), 'entry_time': Timestamp('2025-11-27 22:30:00'), 'exit': np.float64(3044.44), 'exit_type': 'SL', 'pnl': np.float64(-4.788216969857914), 'bars_held': 41, 'exit_time': Timestamp('2025-11-28 08:45:00'), 'volume_ratio': np.float64(1.6379367505601736), 'timeframe': '15m'}, {'asset': 'ETH', 'signal': 'LONG', 'entry': np.float64(3073.91), 'sl': np.float64(3018.14), 'tp': np.float64(3185.45), 'sl_pct': np.float64(0.01814301654895556), 'entry_time': Timestamp('2025-11-28 13:45:00'), 'exit': np.float64(3018.14), 'exit_type': 'SL', 'pnl': np.float64(-8.166357447030002), 'bars_held': 13, 'exit_time': Timestamp('2025-11-28 17:00:00'), 'volume_ratio': np.float64(3.365313528431876), 'timeframe': '15m'}, {'asset': 'ETH', 'signal': 'LONG', 'entry': np.float64(3048.07), 'sl': np.float64(3020.57), 'tp': np.float64(3103.07), 'sl_pct': np.float64(0.00902210251076911), 'entry_time': Timestamp('2025-11-29 01:00:00'), 'exit': np.float64(3020.57), 'exit_type': 'SL', 'pnl': np.float64(-4.061946129846099), 'bars_held': 10, 'exit_time': Timestamp('2025-11-29 03:30:00'), 'volume_ratio': np.float64(1.586021790639609), 'timeframe': '15m'}, {'asset': 'ETH', 'signal': 'SHORT', 'entry': np.float64(3014.72), 'sl': np.float64(3045.6), 'tp': np.float64(2952.9599999999996), 'sl_pct': np.float64(0.010243073983653577), 'entry_time': Timestamp('2025-11-29 06:15:00'), 'exit': np.float64(3045.6), 'exit_type': 'SL', 'pnl': np.float64(-4.61138329264411), 'bars_held': 124, 'exit_time': Timestamp('2025-11-30 13:15:00'), 'volume_ratio': np.float64(3.694047392471054), 'timeframe': '15m'}, {'asset': 'ETH', 'signal': 'SHORT', 'entry': np.float64(3008.6), 'sl': np.float64(3041.14), 'tp': np.float64(2943.52), 'sl_pct': np.float64(0.01081566176959382), 'entry_time': Timestamp('2025-11-30 23:15:00'), 'exit': np.float64(2943.52), 'exit_type': 'TP', 'pnl': np.float64(9.732095592634437), 'bars_held': 3, 'exit_time': Timestamp('2025-12-01 00:00:00'), 'volume_ratio': np.float64(3.4610354776467593), 'timeframe': '15m'}, {'asset': 'ETH', 'signal': 'SHORT', 'entry': np.float64(2770.42), 'sl': np.float64(2850.66), 'tp': np.float64(2609.9400000000005), 'sl_pct': np.float64(0.028963117505648884), 'entry_time': Timestamp('2025-12-01 15:15:00'), 'exit': np.float64(2850.66), 'exit_type': 'SL', 'pnl': np.float64(-13.035402877541998), 'bars_held': 91, 'exit_time': Timestamp('2025-12-02 14:00:00'), 'volume_ratio': np.float64(2.365241236561026), 'timeframe': '15m'}, {'asset': 'ETH', 'signal': 'LONG', 'entry': np.float64(3164.42), 'sl': np.float64(3087.47), 'tp': np.float64(3318.3200000000006), 'sl_pct': np.float64(0.024317252450686153), 'entry_time': Timestamp('2025-12-03 21:45:00'), 'exit': np.float64(3087.47), 'exit_type': 'SL', 'pnl': np.float64(-10.94476360280877), 'bars_held': 85, 'exit_time': Timestamp('2025-12-04 19:00:00'), 'volume_ratio': np.float64(1.6572547340643642), 'timeframe': '15m'}]"
15m,SOL,8,3,5,37.5,23.70747543600651,19.549552058712155,-6.988236148025993,"{'squeeze_on': 7, 'volume': 35}","[{'asset': 'SOL', 'signal': 'SHORT', 'entry': np.float64(136.91), 'sl': np.float64(138.97), 'tp': np.float64(132.79), 'sl_pct': np.float64(0.015046380834124625), 'entry_time': Timestamp('2025-11-25 07:15:00'), 'exit': np.float64(138.97), 'exit_type': 'SL', 'pnl': np.float64(-6.772871375356081), 'bars_held': 62, 'exit_time': Timestamp('2025-11-25 22:45:00'), 'volume_ratio': np.float64(1.6850782036694982), 'timeframe': '15m'}, {'asset': 'SOL', 'signal': 'SHORT', 'entry': np.float64(138.15), 'sl': np.float64(140.68), 'tp': np.float64(133.09), 'sl_pct': np.float64(0.018313427433948613), 'entry_time': Timestamp('2025-11-26 03:45:00'), 'exit': np.float64(140.68), 'exit_type': 'SL', 'pnl': np.float64(-8.243042345276876), 'bars_held': 56, 'exit_time': Timestamp('2025-11-26 17:45:00'), 'volume_ratio': np.float64(2.2495186708992696), 'timeframe': '15m'}, {'asset': 'SOL', 'signal': 'SHORT', 'entry': np.float64(141.74), 'sl': np.float64(144.29), 'tp': np.float64(136.64000000000004), 'sl_pct': np.float64(0.0179906871736982), 'entry_time': Timestamp('2025-11-27 09:45:00'), 'exit': np.float64(136.64000000000004), 'exit_type': 'TP', 'pnl': np.float64(16.189618456328382), 'bars_held': 129, 'exit_time': Timestamp('2025-11-28 18:00:00'), 'volume_ratio': np.float64(1.8657603159223006), 'timeframe': '15m'}, {'asset': 'SOL', 'signal': 'SHORT', 'entry': np.float64(135.99), 'sl': np.float64(138.1), 'tp': np.float64(131.77000000000004), 'sl_pct': np.float64(0.015515846753437644), 'entry_time': Timestamp('2025-11-29 18:00:00'), 'exit': np.float64(138.1), 'exit_type': 'SL', 'pnl': np.float64(-6.9841310390469395), 'bars_held': 77, 'exit_time': Timestamp('2025-11-30 13:15:00'), 'volume_ratio': np.float64(2.822367803275401), 'timeframe': '15m'}, {'asset': 'SOL', 'signal': 'SHORT', 'entry': np.float64(135.78), 'sl': np.float64(138.67), 'tp': np.float64(130.00000000000003), 'sl_pct': np.float64(0.021284430696715175), 'entry_time': Timestamp('2025-11-30 23:15:00'), 'exit': np.float64(130.00000000000003), 'exit_type': 'TP', 'pnl': np.float64(19.15398762704366), 'bars_held': 4, 'exit_time': Timestamp('2025-12-01 00:15:00'), 'volume_ratio': np.float64(2.1867616916369332), 'timeframe': '15m'}, {'asset': 'SOL', 'signal': 'SHORT', 'entry': np.float64(126.13), 'sl': np.float64(128.09), 'tp': np.float64(122.20999999999998), 'sl_pct': np.float64(0.015539522714659542), 'entry_time': Timestamp('2025-12-01 12:30:00'), 'exit': np.float64(128.09), 'exit_type': 'SL', 'pnl': np.float64(-6.994785221596794), 'bars_held': 50, 'exit_time': Timestamp('2025-12-02 01:00:00'), 'volume_ratio': np.float64(2.2157073206070494), 'timeframe': '15m'}, {'asset': 'SOL', 'signal': 'LONG', 'entry': np.float64(129.36), 'sl': np.float64(126.01), 'tp': np.float64(136.06000000000003), 'sl_pct': np.float64(0.025896722325293817), 'entry_time': Timestamp('2025-12-02 13:00:00'), 'exit': np.float64(136.06000000000003), 'exit_type': 'TP', 'pnl': np.float64(23.305050092764436), 'bars_held': 9, 'exit_time': Timestamp('2025-12-02 15:15:00'), 'volume_ratio': np.float64(3.155396298022389), 'timeframe': '15m'}, {'asset': 'SOL', 'signal': 'SHORT', 'entry': np.float64(142.32), 'sl': np.float64(144.2), 'tp': np.float64(138.56), 'sl_pct': np.float64(0.013209668353007277), 'entry_time': Timestamp('2025-12-04 13:00:00'), 'exit': np.float64(144.2), 'exit_type': 'SL', 'pnl': np.float64(-5.946350758853274), 'bars_held': 10, 'exit_time': Timestamp('2025-12-04 15:30:00'), 'volume_ratio': np.float64(1.7948032897897828), 'timeframe': '15m'}]"
15m,ARB,12,3,9,25.0,-32.51327802654572,16.1718253025649,-9.003194881582267,"{'squeeze_on': 8, 'volume': 20}","[{'asset': 'ARB', 'signal': 'SHORT', 'entry': np.float64(0.2132), 'sl': np.float64(0.2182), 'tp': np.float64(0.2032), 'sl_pct': np.float64(0.02345215759849908), 'entry_time': Timestamp('2025-11-25 08:45:00'), 'exit': np.float64(0.2182), 'exit_type': 'SL', 'pnl': np.float64(-10.555470919324588), 'bars_held': 57, 'exit_time': Timestamp('2025-11-25 23:00:00'), 'volume_ratio': np.float64(2.9657077318408076), 'timeframe': '15m'}, {'asset': 'ARB', 'signal': 'SHORT', 'entry': np.float64(0.2128), 'sl': np.float64(0.2159), 'tp': np.float64(0.20659999999999995), 'sl_pct': np.float64(0.014567669172932422), 'entry_time': Timestamp('2025-11-26 08:15:00'), 'exit': np.float64(0.2159), 'exit_type': 'SL', 'pnl': np.float64(-6.55745112781959), 'bars_held': 37, 'exit_time': Timestamp('2025-11-26 17:30:00'), 'volume_ratio': np.float64(1.9977711422068056), 'timeframe': '15m'}, {'asset': 'ARB', 'signal': 'SHORT', 'entry': np.float64(0.2174), 'sl': np.float64(0.2203), 'tp': np.float64(0.21160000000000004), 'sl_pct': np.float64(0.013339466421343081), 'entry_time': Timestamp('2025-11-27 00:00:00'), 'exit': np.float64(0.2203), 'exit_type': 'SL', 'pnl': np.float64(-6.004759889604387), 'bars_held': 10, 'exit_time': Timestamp('2025-11-27 02:30:00'), 'volume_ratio': np.float64(2.843231449382618), 'timeframe': '15m'}, {'asset': 'ARB', 'signal': 'LONG', 'entry': np.float64(0.2213), 'sl': np.float64(0.2173), 'tp': np.float64(0.2293), 'sl_pct': np.float64(0.018075011296882076), 'entry_time': Timestamp('2025-11-27 15:45:00'), 'exit': np.float64(0.2173), 'exit_type': 'SL', 'pnl': np.float64(-8.135755083596935), 'bars_held': 43, 'exit_time': Timestamp('2025-11-28 02:30:00'), 'volume_ratio': np.float64(2.3587006240004844), 'timeframe': '15m'}, {'asset': 'ARB', 'signal': 'LONG', 'entry': np.float64(0.22), 'sl': np.float64(0.217), 'tp': np.float64(0.226), 'sl_pct': np.float64(0.013636363636363648), 'entry_time': Timestamp('2025-11-28 08:00:00'), 'exit': np.float64(0.217), 'exit_type': 'SL', 'pnl': np.float64(-6.138363636363641), 'bars_held': 37, 'exit_time': Timestamp('2025-11-28 17:15:00'), 'volume_ratio': np.float64(3.245050762196627), 'timeframe': '15m'}, {'asset': 'ARB', 'signal': 'LONG', 'entry': np.float64(0.2149), 'sl': np.float64(0.2125), 'tp': np.float64(0.21970000000000003), 'sl_pct': np.float64(0.011167985109353249), 'entry_time': Timestamp('2025-11-30 00:15:00'), 'exit': np.float64(0.21970000000000003), 'exit_type': 'TP', 'pnl': np.float64(10.049186598417924), 'bars_held': 53, 'exit_time': Timestamp('2025-11-30 13:30:00'), 'volume_ratio': np.float64(1.6757028480193992), 'timeframe': '15m'}, {'asset': 'ARB', 'signal': 'SHORT', 'entry': np.float64(0.2119), 'sl': np.float64(0.2161), 'tp': np.float64(0.20350000000000004), 'sl_pct': np.float64(0.019820670127418505), 'entry_time': Timestamp('2025-11-30 23:30:00'), 'exit': np.float64(0.20350000000000004), 'exit_type': 'TP', 'pnl': np.float64(17.836603114676656), 'bars_held': 2, 'exit_time': Timestamp('2025-12-01 00:00:00'), 'volume_ratio': np.float64(3.581614178487507), 'timeframe': '15m'}, {'asset': 'ARB', 'signal': 'LONG', 'entry': np.float64(0.1981), 'sl': np.float64(0.1934), 'tp': np.float64(0.20750000000000002), 'sl_pct': np.float64(0.023725391216557343), 'entry_time': Timestamp('2025-12-01 07:45:00'), 'exit': np.float64(0.1934), 'exit_type': 'SL', 'pnl': np.float64(-10.678426047450806), 'bars_held': 17, 'exit_time': Timestamp('2025-12-01 12:00:00'), 'volume_ratio': np.float64(2.8478340755649816), 'timeframe': '15m'}, {'asset': 'ARB', 'signal': 'SHORT', 'entry': np.float64(0.1899), 'sl': np.float64(0.1961), 'tp': np.float64(0.17750000000000005), 'sl_pct': np.float64(0.03264876250658232), 'entry_time': Timestamp('2025-12-01 15:15:00'), 'exit': np.float64(0.1961), 'exit_type': 'SL', 'pnl': np.float64(-14.693943127962045), 'bars_held': 39, 'exit_time': Timestamp('2025-12-02 01:00:00'), 'volume_ratio': np.float64(2.070905553107607), 'timeframe': '15m'}, {'asset': 'ARB', 'signal': 'LONG', 'entry': np.float64(0.1963), 'sl': np.float64(0.1918), 'tp': np.float64(0.2053), 'sl_pct': np.float64(0.02292409577177791), 'entry_time': Timestamp('2025-12-02 13:45:00'), 'exit': np.float64(0.2053), 'exit_type': 'TP', 'pnl': np.float64(20.629686194600122), 'bars_held': 5, 'exit_time': Timestamp('2025-12-02 15:00:00'), 'volume_ratio': np.float64(1.6912588511598396), 'timeframe': '15m'}, {'asset': 'ARB', 'signal': 'LONG', 'entry': np.float64(0.2146), 'sl': np.float64(0.2111), 'tp': np.float64(0.22160000000000002), 'sl_pct': np.float64(0.01630941286113701), 'entry_time': Timestamp('2025-12-03 02:00:00'), 'exit': np.float64(0.2111), 'exit_type': 'SL', 'pnl': np.float64(-7.341235787511655), 'bars_held': 48, 'exit_time': Timestamp('2025-12-03 14:00:00'), 'volume_ratio': np.float64(2.9913280400872577), 'timeframe': '15m'}, {'asset': 'ARB', 'signal': 'LONG', 'entry': np.float64(0.2225), 'sl': np.float64(0.2171), 'tp': np.float64(0.23330000000000004), 'sl_pct': np.float64(0.024269662921348387), 'entry_time': Timestamp('2025-12-03 21:45:00'), 'exit': np.float64(0.2171), 'exit_type': 'SL', 'pnl': np.float64(-10.923348314606775), 'bars_held': 68, 'exit_time': Timestamp('2025-12-04 14:45:00'), 'volume_ratio': np.float64(2.1238926601076464), 'timeframe': '15m'}]"
15m,OP,6,2,4,33.33333333333333,-1.11920700106314,14.292471003000646,-7.4260372517661075,"{'volume': 32, 'sqz_mom': 3, 'squeeze_on': 2, 'sl_too_wide': 2}","[{'asset': 'OP', 'signal': 'LONG', 'entry': np.float64(0.3191), 'sl': np.float64(0.3131), 'tp': np.float64(0.3311), 'sl_pct': np.float64(0.018802883108743357), 'entry_time': Timestamp('2025-11-25 12:00:00'), 'exit': np.float64(0.3131), 'exit_type': 'SL', 'pnl': np.float64(-5.642864932623007), 'bars_held': 11, 'exit_time': Timestamp('2025-11-25 14:45:00'), 'volume_ratio': np.float64(2.294930749902101), 'timeframe': '15m'}, {'asset': 'OP', 'signal': 'LONG', 'entry': np.float64(0.3192), 'sl': np.float64(0.3099), 'tp': np.float64(0.33779999999999993), 'sl_pct': np.float64(0.029135338345864584), 'entry_time': Timestamp('2025-11-25 17:15:00'), 'exit': np.float64(0.33779999999999993), 'exit_type': 'TP', 'pnl': np.float64(17.479203007518752), 'bars_held': 185, 'exit_time': Timestamp('2025-11-27 15:30:00'), 'volume_ratio': np.float64(1.516081859942251), 'timeframe': '15m'}, {'asset': 'OP', 'signal': 'SHORT', 'entry': np.float64(0.3293), 'sl': np.float64(0.3401), 'tp': np.float64(0.3076999999999999), 'sl_pct': np.float64(0.03279684178560593), 'entry_time': Timestamp('2025-11-28 02:15:00'), 'exit': np.float64(0.3401), 'exit_type': 'SL', 'pnl': np.float64(-9.84105253568178), 'bars_held': 26, 'exit_time': Timestamp('2025-11-28 08:45:00'), 'volume_ratio': np.float64(3.394324047512885), 'timeframe': '15m'}, {'asset': 'OP', 'signal': 'SHORT', 'entry': np.float64(0.3295), 'sl': np.float64(0.3356), 'tp': np.float64(0.3173), 'sl_pct': np.float64(0.01851289833080423), 'entry_time': Timestamp('2025-11-29 06:15:00'), 'exit': np.float64(0.3173), 'exit_type': 'TP', 'pnl': np.float64(11.105738998482538), 'bars_held': 167, 'exit_time': Timestamp('2025-12-01 00:00:00'), 'volume_ratio': np.float64(3.920153554352987), 'timeframe': '15m'}, {'asset': 'OP', 'signal': 'SHORT', 'entry': np.float64(0.2888), 'sl': np.float64(0.2965), 'tp': np.float64(0.27340000000000003), 'sl_pct': np.float64(0.02666204986149579), 'entry_time': Timestamp('2025-12-01 11:00:00'), 'exit': np.float64(0.2965), 'exit_type': 'SL', 'pnl': np.float64(-8.000614958448738), 'bars_held': 109, 'exit_time': Timestamp('2025-12-02 14:15:00'), 'volume_ratio': np.float64(4.228830585742054), 'timeframe': '15m'}, {'asset': 'OP', 'signal': 'LONG', 'entry': np.float64(0.3281), 'sl': np.float64(0.3213), 'tp': np.float64(0.34170000000000006), 'sl_pct': np.float64(0.020725388601036357), 'entry_time': Timestamp('2025-12-03 22:00:00'), 'exit': np.float64(0.3213), 'exit_type': 'SL', 'pnl': np.float64(-6.219616580310907), 'bars_held': 67, 'exit_time': Timestamp('2025-12-04 14:45:00'), 'volume_ratio': np.float64(3.5075374469630525), 'timeframe': '15m'}]"
