Campaign,#,Handle,Followers,Their Signal,Warm-Up Comment,DM Text,Status
CORNERS,1,@__proper,11791,"Posted: 'coin everything and trade attention are the exact same thing, just marketed differently'","'coin everything' vs 'trade attention' being the same mechanic with a different skin â€” clearest framing I've seen","communities that curate together and get rewarded for quality â€” that's a model that actually works

corners.market does exactly that on Base: communities deploy a token, members vote on the best content with it, curators earn SAND rewards for what rises

corners.market",Not sent
CORNERS,2,@AvgJoesCrypto,17304,"Posted: 'Base / Zora's original vision for onchain social was genuinely unique. To see both teams completely abandon their idea within ~6 months is extremely disappointing'","The 'breath of fresh air' observation hits hard â€” original onchain social vision was genuinely different","'a space that only builds copycats' â€” the original onchain social vision was genuinely different for a reason

corners.market is the community curation version: deploy a token on Base, members vote on the best content with token weight, curators earn SAND. trends rise by taste not algorithm

corners.market",Not sent
CORNERS,3,@capradavis,3433,"Posted: 'I think this is the right move for Zora. The Zora team has been SO tenacious in iterating on the creator coin model'","Fair take â€” respecting the tenacity while recognising when a model has run its course is actually good founder thinking","genuinely curious what you think of the curation model as an alternative to creator coins

corners.market is building community-curated content on Base â€” token-weighted voting, SAND rewards for quality contributors. different mechanic entirely from launch-and-speculate

corners.market",Not sent
CORNERS,4,@blockchainzilla,3240,"Posted: 'The best version of Zora was the original one based around artists and NFTs'","The artist-first NFT version was genuinely different â€” everything since has been progressively more speculative","the artist-first version worked because the community had a say in what got surfaced â€” that's the mechanic that got lost

corners.market is building that back: communities deploy a token on Base, vote on the best content with it, curators earn SAND rewards for quality

corners.market",Not sent
CORNERS,5,@munchPRMR,24466,"Posted: 'If you are an app that is chain hopping to whatever is most popular instead of having conviction in something you won't survive anyways'","'conviction in something' is the exact thing that's been missing â€” chain hopping is a symptom of not having a defensible thesis","communities that pick what trends based on stake, not an algorithm â€” that's the model with conviction baked in

corners.market on Base: communities deploy a token, members vote on the best content with it, curators earn SAND. worth a look

corners.market",Not sent
CORNERS,6,@696_eth,9989,"Posted: 'base really dropped the ball. forcing a narrative nobody wanted. not amplifying real builders who've been on the chain for years'","'forcing a narrative nobody wanted' while ignoring builders who've been there for years â€” the disconnect is real","'real builders who've been on the chain for years' deserve a platform that actually surfaces their work

corners.market is community curation on Base â€” token-weighted voting, SAND rewards for quality contributors. the content that rises is chosen by community stake, not narrative

corners.market",Not sent
CORNERS,7,@LukasMikelionis,2272,"Posted: 'Honestly it's demoralising seeing Zora just pivot to Solana after the Base team pushed HARD. I sought any Base support for Pubhouse - approached marketing multiple times, asked Jesse and others via FC'","Building something on Base and watching the flagship project leave while you got radio silence â€” genuinely demoralising","building on Base and getting no amplification is a real problem â€” Pubhouse deserves better distribution

corners.market is community curation on Base. communities curate the best content with token-weighted voting, curators earn SAND. could be worth exploring for Pubhouse's content strategy

corners.market",Not sent
CORNERS,8,@xdthesmiley,2102,"Posted: 'i keep seeing appreciate the feedback but you've been pushing the same narrative for a year. a ton of builders are fed up and feel like base is drifting away from what actually matters'","'appreciate the feedback' after a year of the same direction â€” gap between stated intention and actual output","'builders feel like base is drifting from what actually matters' â€” curation over narrative is what actually matters

corners.market is one of the things still building the substance version on Base: community curation, token-weighted voting, SAND rewards for quality

corners.market",Not sent
CORNERS,9,@panik_eth,861,"Posted: 'they don't call it a sunset. they call it iteration. months of draining liquidity out of base, months of retail getting chopped while everyone was told this was the future'","'they don't call it a sunset, they call it iteration' â€” that reframe is doing a lot of heavy lifting","you're still building on Base â€” so are we with corners.market

community curation platform: deploy a token, members vote on the best content with it, curators earn SAND. no speculation mechanic, just community taste

corners.market",Not sent
CORNERS,10,@0xvedang,596,"Posted: 'Base is fumbling really bad. No airdrop this year. No creators focused gtm strategies. Misaligned zora revamp. Regressive mini app change.'","Four distinct fumbles named â€” that's a pattern not a coincidence","'no creator-focused GTM' â€” corners.market is the creator-focused infrastructure Base should have been building

communities deploy tokens on Base, curate the best content with token-weighted voting, curators earn SAND rewards. still on Base, still building

corners.market",Not sent
CORNERS,11,@LinasLekavicius,6293,"Posted: '@baseapp: we will help you with everything. @baseapp after you point them a bug: honestly we won't fix it anytime soon, try to find a workaround'","'we'll help with everything' â†’ 'find a workaround' is a very specific kind of betrayal","building on Base and hitting walls is a pattern â€” corners.market is one of the things actually shipping here

community curation platform: deploy a token, members vote on the best content with token weight, curators earn SAND. might be worth knowing what's moving on Base

corners.market",Not sent
CORNERS,12,@FamKien,4431,"Posted: 'Zora silently pivoted without telling the Base community even a word. This deserves communication from the Base team as well'","Pivoting is one thing, ghosting your community while doing it is another","'communication from the community' is what curation actually creates â€” every vote is a signal

corners.market is a community curation platform on Base: deploy a token, members vote on the best content with it, curators earn SAND rewards. community decides what rises

corners.market",Not sent
CORNERS,13,@lexonthechain,3305,"Posted: 'is every $zora creator token simply useless atm? did they even remove it from the Zora client by cutting Base entirely?'","The creator token question getting no clear answer is a pattern at this point","a token that has a function beyond speculation is the whole difference â€” corners.market is built on that

communities on Base deploy a token and use it to vote on the best content together. curators earn SAND for what they surface. worth a look

corners.market",Not sent
CORNERS,14,@toastonbase,686,"Posted: 'Ridiculous. Shame on Base, shame on everyone that forced creator coins and ruined Base for over a year'","'Forced creator coins' â€” pushed as the narrative when the ecosystem wanted something else","token-weighted community voting is the mechanic that gives the token a reason to exist beyond the launch

corners.market on Base: communities deploy tokens, members curate the best content with them, curators earn SAND rewards. the token has purpose

corners.market",Not sent
CORNERS,15,@KienNguyen,15704,"Posted: 'Zora raised $60M to build what might be the worst coin launchpad in Web3. Meanwhile, Base native launchpads like Clanker raised $0 and still delivered way better platforms'","$0 raised bootstrapped platforms out-delivering the $60M-backed one â€” the capital efficiency argument writes itself","bootstrapped platforms delivering more than $60M-funded ones â€” the capital efficiency story is the right one to track

corners.market is in that category: community curation on Base, token-weighted voting, SAND rewards. still building without the budget

corners.market",Not sent
CORNERS,16,@jacek0x,5249,"Posted: 'Really disappointing to watch Zora pivot. After getting support from the entire Base team for the better part of a year, they capitulated the second the trade changed. Low conviction, questionable morals'","'Conviction is the thing that was always missing' â€” this is the honest take","you're one of the few people who thinks seriously about what earns attention on Base vs what games it

corners.market is a curation platform: communities deploy a token, vote on the best content with it, curators earn SAND. attention rises by merit

corners.market",Not sent
CORNERS,17,@redhairshanks86,23919,"Posted: 'you either incentivise users or you won't have any. no normal person regularly tests new apps. it is a very small group of early adopters'","Called it years ago and got roasted â€” the timeline vindicates the critics","'you either incentivise users or you won't have any' â€” corners.market has a real incentive model for curation

communities on Base deploy tokens, members vote on the best content with token weight, curators earn SAND rewards. the incentive is for quality, not speculation

corners.market",Not sent
CORNERS,18,@ruggedpikachu,4692,"Posted: 'Fuck you Zora. Fuck you base. 50$ airdrop for 2 years usage and >100tx. I spent more in fees than I got here. Never again'","The 'spent more in fees than the airdrop value' math is the most concrete description","if you're still on Base â€” corners.market is building something different here

community curation platform: communities deploy tokens, members vote on the best content with them, curators earn SAND rewards for surfacing quality. worth a look

corners.market",Not sent
CORNERS,19,@MoneyLord,95731,"Posted: 'Never again I'm buying a creator coin on Zora. Incompetence from Zora/base team is unreal. They are out of touch with how onchain works'","'Out of touch with how onchain works' from someone who's been in onchain long enough to know â€” specific critique","community-weighted curation is how onchain actually works at its best â€” token as a voting mechanism, not just a speculative asset

corners.market does exactly that on Base: deploy a token, curate content with it, earn SAND rewards for quality. worth a look if you haven't written off Base

corners.market",Not sent
CORNERS,20,@CyberShakti,8110,"Posted: 'I got blocked 2 years back when I called out their OP retro funding scams. I also got roasted for calling out the blatant creator coin shills. Now I'm just gonna sit back and watch the show'","Being right about the creator coin hype years ahead and getting blocked for it â€” the timeline fully vindicates","your audience already follows you for what you surface â€” corners.market turns that curation into a token-backed community

deploy a corner on Base, members vote on the best content with token weight, you earn SAND as the curator. worth exploring for posterdotfun

corners.market",Not sent
CORNERS,21,@KateVassGalerie,7276,"Posted: 'Collecting Art Onchain is dedicated to cultural preservation, human authorship, and the long-term stewardship of digital art. Culture should not be confined to centralised...'","'Culture should not be confined to centralised' â€” the preservation angle is exactly what gets ignored","you're already doing what corners.market is built for â€” curating what deserves to be seen and building stewardship around it

communities deploy a token on Base, members vote on the best content with it, curators earn SAND rewards. your curation has a revenue model here

corners.market",Not sent
CORNERS,22,@UncleHODL,10238,"Posted: 'I hit decent when ZachXBT posted on Zora but the funds were stuck on Zora for 2+ months because they didn't support base chain withdrawals'","Funds stuck 2+ months because they didn't support their own chain's withdrawals â€” operational execution matching strategic direction","corners.market is built on Base and stays on Base â€” no chain switches

community curation platform: communities deploy tokens, members vote on the best content with them, curators earn SAND rewards. different mechanic entirely

corners.market",Not sent
CORNERS,23,@PopPunkOnChain,31007,"Posted: 'Base token on Zora was HORRIFICALLY sniped. 2 wallets purchased 21% of supply for 2 ETH, sold for $300k profit. This is what can happen if you don't have snipe protection'","21% sniped on launch, $300k extracted â€” flagship token from the flagship protocol","you've been building prediction markets around community signals â€” corners.market is the curation side of that same instinct

communities on Base deploy tokens, members vote on the best content with token weight, curators earn SAND rewards. community decides what rises

corners.market",Not sent
CORNERS,24,@dippy_eth,42135,"Posted about Zora going to Base because that's where they saw the real early action","Opportunistic chain selection in both directions","corners.market has been building the same thing on Base from day one â€” community curation, no chain switches

deploy a token, members vote on the best content with it, curators earn SAND rewards. still building here while others move on

corners.market",Not sent
CORNERS,25,@acidmandoteth,2038,"Posted: 'GoodVibesClub is THE CLUB for anyone in NFTs/Web3. In Discord, there's no token-gated chat, no separation. Rock your old pfp, we don't care, no purchase necessary, just bring good vibes'","'No purchase necessary, just bring good vibes' â€” community-first approach got buried under tokenisation mania","community-first model onchain: corners.market is built on the same idea â€” community decides what rises

deploy a token on Base, members curate the best content with token-weighted votes, curators earn SAND for quality contributions. the good vibes version, but with real incentives

corners.market",Not sent
RANGER,1,@wojakcodes,53701,"Posted: 'client said their QA team is testing it. No logs of app usage on my server. Shut down the server. They said no issues so far. wtf lol'","'QA team testing' with zero server activity is a genre of its own â€” happens everywhere","'QA team testing' with zero server logs â€” the universal experience

Ranger runs automated E2E tests on your live product continuously so you know exactly what's broken before users (or fake QA teams) find it

ranger.net",Not sent
RANGER,2,@MarcJSchmidt,6720,"Posted: 'It started lying constantly FOUND THE BUG! but it implemented workarounds, REMOVED TESTS, removed features to make others work, regressions framed as preexisting'","'Regressions framed as preexisting' is a new category of technical debt","AI removing tests and framing regressions as 'preexisting' â€” that's a new category of technical debt

Ranger writes and maintains the tests independently so you know what's actually broken vs what's been quietly papered over

ranger.net",Not sent
RANGER,3,@BenLesh,62574,"Posted: 'You can have type safety, unit tests, 100% code coverage, and no integration tests and your app can still be broken. Fact'","100% coverage is one of the most misleading metrics in software â€” this is the correct take","'100% code coverage, no integration tests, app still broken' â€” the most important distinction in testing

Ranger runs E2E integration tests continuously on your actual app â€” the layer that 100% unit test coverage doesn't catch

ranger.net",Not sent
RANGER,4,@ibamarief,18442,"Posted: 'Hard disagree that QA is a dead-end job. I've been evolving QA orgs for up to 1000+ person tech teams. They remain indispensable for the high quality of tech we deliver'","QA called dead-end while being the only thing between working software and production disasters","'indispensable for the high quality of tech we deliver' â€” and yet most teams treat it as an afterthought

Ranger gives every team the E2E coverage that enterprise QA orgs provide â€” without the headcount

ranger.net",Not sent
RANGER,5,@VicVijayakumar,24696,"Posted: 'Not deploying on Friday is a huge red flag, indicating a seriously broken process and no culture of quality. Teams should have a zero-bug policy'","The take that separates CI/CD confidence from hope","'not deploying on Friday = seriously broken process' â€” that's the quality bar most teams never reach

Ranger gives teams the continuous E2E coverage that makes Friday deploys not a big deal â€” tests run automatically on every change

ranger.net",Not sent
RANGER,6,@tekbog,37266,"Posted: 'how the bug appears right after you deploy to prod' [meme]","The deploy-triggered bug defies all local testing","the 'bug appears immediately after prod deploy' phenomenon is too consistent to be coincidence

Ranger runs automated tests against your live environment so the bug gets caught before prod, not after

ranger.net",Not sent
RANGER,7,@CoastalFuturist,15765,"Posted: 'Did you test before pushing to prod? No' [meme]","'No' being the most honest answer from most teams","'did you test before pushing to prod? No' â€” the industry's most honest admission

Ranger tests your app automatically on every deploy so the answer becomes 'yes' without adding to anyone's to-do list

ranger.net",Not sent
RANGER,8,@trashh_dev,113485,"Posted: 'your friday deploy broke prod over the weekend'","Friday deploy + weekend breakage â€” as old as CI/CD","the friday deploy â†’ weekend prod breakage pipeline is the most preventable recurring disaster in software

Ranger catches failures before they hit prod â€” automated E2E tests on every deploy, no weekend surprises

ranger.net",Not sent
RANGER,9,@jamonholmgren,31322,"Posted: 'You can have type safety, unit tests, 100% code coverage, and no integration tests and your app can still be broken'","The gap between unit test confidence and product reliability is where most prod bugs live","32 years of coding and the 'coverage metrics vs actual reliability' problem is still unsolved for most teams

Ranger runs E2E integration tests continuously â€” the layer that catches what 100% unit coverage misses

ranger.net",Not sent
RANGER,10,@mmt,912,"Posted: 'There is no QA, product managers have to test'","PMs doing QA is the most expensive way to get coverage","'there is no QA, product managers have to test' â€” this shouldn't be anyone's release process

Ranger is automated QA that runs without needing a dedicated team or burning PM time â€” always-on E2E testing

ranger.net",Not sent
RANGER,11,@RaulJuncoV,34239,"Posted: 'I would rather spend 1 hour writing tests than 5 hours fixing bugs in production'","The math is obvious and yet most teams still skip it","'1 hour writing tests vs 5 hours fixing bugs in production' â€” the math is obvious but most teams still don't do it

Ranger writes and maintains the tests automatically â€” you get the 1-hour benefit without the setup and maintenance overhead

ranger.net",Not sent
RANGER,12,@0xTib3rius,70289,"Posted: 'The guy admitted it's all vibe coded and he ships without reading the code. This is why nobody should be running this'","Vibe coding into prod without reviewing â€” new form of invisible debt","'ships without reading the code' â€” vibe coding has created a new category of production risk

Ranger tests what actually runs in prod so you know what the app is doing even if you didn't write every line

ranger.net",Not sent
RANGER,13,@alexwtlf,1889,"Posted: 'I vibe coded a SaaS. Launch day: 1,000 logins. Server crashed instantly. Great advice'","Distribution advice without stability testing","1,000 logins on launch day, server crashed â€” distribution advice nobody pairs with stability testing

Ranger tests your app before you ship so launch day isn't the stress test

ranger.net",Not sent
RANGER,14,@adrien_brbr,396,"Posted: 'Building is my superpower. Distribution is my weakness. What I don't tell them is what happens after you ship. The silence. The empty dashboard'","More honest than 90% of build-in-public content","'what happens after you ship' â€” that silence hits different when the product also has bugs nobody's reported yet

Ranger runs automated tests on your live product continuously â€” you know what's broken before users stop using it and say nothing

ranger.net",Not sent
RANGER,15,@sarthaktwtt,2168,"Posted: 'one startup has already shipped your entire feature list...and raised a seed. im cooked'","Competitor discovery at architecture phase is its own genre","the 'competitor already shipped your feature list AND raised a seed' discovery is a rite of passage

once you're building anyway â€” Ranger catches what breaks before your users do. automated QA for fast-moving teams

ranger.net",Not sent
RANGER,16,@justoo_digital,400,"Posted: 'I ship MVPs that start charging customers in under 3 weeks'","3-week cycles create interesting QA tradeoffs","3-week paid MVP cycles â€” that's a pace where manual QA is impossible and skipping QA is the only option

Ranger automates E2E testing so fast-cycle builders get coverage without slowing the ship date

ranger.net",Not sent
RANGER,17,@Henrylabss,437,"Posted: 'Should have asked what to do first before building the SaaS. Maybe then instead of crashes you'd be getting notifications'","Missing step in every build-in-public playbook","the 'stress test before you distribute' advice is the missing step in every build-in-public playbook

Ranger runs automated tests on your live product before it hits users â€” worth knowing about for your next build

ranger.net",Not sent
RANGER,18,@c_aulli,436,"Posted: 'DAY 27 - I ran into a bug. Some pages weren't rendering. It turned out I was importing a function component incorrectly'","Automated tests catch that in seconds before you spend an hour","day 27, rendering bug from an incorrect import â€” the exact thing automated tests surface immediately

Ranger generates Playwright tests for your app and runs them continuously â€” so day 27 bugs don't eat your build time

ranger.net",Not sent
RANGER,19,@nihdao,304,"Posted: 'AI can ship your app in 10 minutes. But when it breaks at 3am and users are flooding your inbox, you wish you understood what you built'","'You wish you understood what you built' at 3am is the most honest take","'AI ships it in 10 mins. breaks at 3am. you wish you understood what you built.' â€” that sequence is inevitable without testing

Ranger catches what breaks before 3am â€” automated E2E tests running continuously on your live app

ranger.net",Not sent
RANGER,20,@xxpaat,565,"Posted: 'Almost crashed out, thought I messed up my AWS server setup. Had to debug some detection & alerting'","The uncertainty is the worst part â€” solo founder tax","the 'thought I messed up the AWS server' debugging spiral is a solo founder tax

Ranger monitors your live environment continuously and surfaces failures before they become 4-hour debugging sessions

ranger.net",Not sent
RANGER,21,@siyabuilt,10808,"Posted: 'After six months as indiehackers. After two failed products. I'm proud to finally be able to post this'","Six months, two failed products, then the one that ships","six months, two failed products, then the one that ships â€” that persistence deserves a launch that doesn't break on day one

Ranger catches bugs before your users do â€” automated QA for the product you worked six months to ship

ranger.net",Not sent
RANGER,22,@om_patel5,9846,"Posted: 'this is all you need to build a million dollar startup in 2026: Cursor, Perplexity, Supabase, Vercel'","The 2026 stack â€” needs a QA layer","Cursor + Supabase + Vercel is a clean stack â€” the missing piece is knowing your app doesn't break after you ship

Ranger runs automated E2E tests on your live product. fits the same 'just works' philosophy as the rest of your stack

ranger.net",Not sent
RANGER,23,@aryanlabde,4799,"Posted: 'People overestimate building. Coding is straightforward. But marketing? That's where the real challenge lies'","Bugs in production make the marketing 10x harder","'coding is straightforward, marketing is the real challenge' â€” and bugs in production make the marketing 10x harder

Ranger keeps your shipped product stable automatically so the marketing work actually lands

ranger.net",Not sent
RANGER,24,@priyhhhhh,3175,"Posted: 'My flow is to initialise using Claude code on desktop and once stable then migrate to my VPS'","Desktop-to-VPS is where things break that local testing didn't catch","the desktop-stable â†’ VPS-migrate step is where things break in ways your local environment never showed

Ranger tests your live app environment continuously so the migration doesn't mean 'discover new bugs in production'

ranger.net",Not sent
RANGER,25,@0xCL4R,1119,"Posted: 'what a fun win at hardhacks!! we made a 4 layered authentication system. we used a camera, password, fingerprint sensor, and a whole LIDAR'","Engineering ambition, post-hackathon testing probably not","4-layer auth with LIDAR at a hackathon â€” when you ship this fast, automated tests stop it from breaking after demo day

Ranger runs E2E tests on hackathon projects before they hit users â€” worth knowing about for your next build

ranger.net",Not sent
RANGER,26,@YashAtreya,1154,"Posted: 'here's what we built for the @privy_io x Canteen hackathon â€” insure against anything'","Insurance logic at hackathon pace â€” edge cases must be interesting","insurance logic at a hackathon pace â€” that's the kind of codebase where automated E2E tests catch edge cases you didn't know existed

Ranger generates and runs tests against your live product continuously. relevant for the next build

ranger.net",Not sent
RANGER,27,@aniruddhadak,357,"Posted: 'I just built SecureOps AI, a 100% Private DevSecOps pipeline. Powered by 4 autonomous MCP Agents. Made for the #2Fast2MCP hackathon'","Security scanning + E2E QA are natural partners","DevSecOps pipeline built for a hackathon â€” security scanning and E2E QA are natural partners

Ranger handles the E2E testing layer â€” catches functional breakage the way your pipeline catches security issues

ranger.net",Not sent
RANGER,28,@SeshingPM,2675,"Posted: '@aarush We call this testing in production. Give him a raise for finding flaws in the system'","PM sarcasm â€” every PM has felt this","'we call this testing in production' â€” the funniest way to describe the worst release process

Ranger is the alternative: automated E2E tests running before prod so 'testing in production' stays a joke, not a process

ranger.net",Not sent
RANGER,29,@tadejstanic,2860,"Posted: 'the moat is meat now' â€” on why cloning a SaaS in 2 weeks doesn't get you past procurement or audits","Enterprise procurement requires audit trails not just speed","'the moat is meat' â€” enterprise procurement requires audit trails, not just speed

Ranger generates human-readable Playwright test code with QA expert review built in â€” the kind of coverage that satisfies procurement

ranger.net",Not sent
RANGER,30,@AustinRoy007,2246,"Posted: 'deliberately shipping to users with mad bugs sounds like a very risky game. Move fast and break things is ok for MVPs but not for production ready apps'","The distinction most teams forget to make","'move fast and break things for MVPs, not production' â€” the distinction most teams never actually make

Ranger is the switch that flips MVP mode into production mode â€” automated E2E tests running continuously once you're live

ranger.net",Not sent
RANGER,31,@Hamzanasirr,1127,"Posted: 'The most expensive mistake in software today isn't a bug; it's building the wrong thing exceptionally well'","True, bugs are a close second","'the most expensive mistake isn't a bug, it's building the wrong thing well' â€” true, and bugs are a close second

Ranger handles the bug layer automatically so you can focus on building the right thing â€” continuous E2E testing on your live product

ranger.net",Not sent
RANGER,32,@kevin_jordan__,4537,"Posted: 'I build the minimum viable system, lock it, and refuse to touch it'","Applies directly to QA setup","'build the minimum viable system, lock it, refuse to touch it' â€” that applies directly to QA setup too

Ranger is that locked minimal QA system â€” set it up once, runs automatically, you don't touch it again

ranger.net",Not sent
RANGER,33,@rfradin,7499,"Posted: '78.6% of enterprises say they measure AI results effectively. But 69% of tech leaders admit they've lost visibility into their own AI infrastructure. This is the paradox'","Same as 100% coverage vs app still broken","the 'we measure effectively' + 'we've lost visibility' paradox is the same problem as '100% test coverage' + 'app still breaks'

Ranger gives you actual visibility â€” E2E tests running on your live product, real failure signals, not coverage metrics

ranger.net",Not sent
RANGER,34,@forgebitz,24032,"Posted: 'If you can't sell an unfinished and incomplete product, you will never succeed. Your SaaS will never be done. One more feature will kill your startup'","Ship incomplete not unstable","'ship incomplete, not one more feature' â€” the caveat is ship incomplete but not unstable

Ranger runs automated E2E tests on your live product so incomplete doesn't become broken

ranger.net",Not sent
RANGER,35,@Jbm_dev,2069,"Posted: 'Sansa is officially live â€” an AI API for frontier performance at half the cost. Setup takes seconds'","Right bar for developer tools","'setup takes seconds' is the right bar for developer tools â€” Ranger is built the same way

drop in E2E automated testing for your live product â€” generates Playwright tests and runs them continuously. no setup overhead

ranger.net",Not sent
RANGER,36,@absol_89,549,"Posted: 'I had a bug where the onboarding printed a lot of errors. Looking at onboarding-tour.tsx, it tries to read localStorage inside a useEffect'","localStorage/useEffect SSR bug â€” shows up after deploy, not in local","the localStorage-in-useEffect SSR timing bug shows up in prod but not local â€” the environment gap is the problem

Ranger runs E2E tests in your actual live environment, not local â€” catches the deploy-specific failures before users do

ranger.net",Not sent
RANGER,37,@bpizzacalla,5053,"Posted: 'it's now table stakes to have your internal agent team connected to the api of EVERY product you use'","Agent-to-API means surface area for silent breakage just expanded","agent-to-API connectivity as table stakes means your surface area for things breaking silently just expanded dramatically

Ranger tests your live app endpoints and flows continuously â€” E2E coverage for the complex systems you're rebuilding with agents

ranger.net",Not sent
RANGER,38,@seergioo_gil,1330,"Posted: 'The future is building either lower layers (agents use my tool) or upper layers'","QA is one agents can't fully replace yet","'build what agents use vs what agents can't replace' â€” QA is one they can't fully replace yet

Ranger automates E2E testing with human QA expert review built in. for your YouTube SaaS build, worth knowing about

ranger.net",Not sent
RANGER,39,@thedevchandra,1009,"Posted: 'We already have 24k founders and startup operators on board. If you're an early founder struggling to get in front of investors...'","When investor clicks through, product must hold up immediately","24k founders means when an investor clicks through, the product has to hold up immediately â€” no bugs, no broken flows

Ranger runs automated E2E tests on your live product so high-traffic moments don't reveal issues

ranger.net",Not sent
RANGER,40,@ShrutiSaagar,394,"Posted: 'I thought volume was the goal. One real connection > 1,000 impressions'","One user without a bug > 1000 who leave","'one real connection > 1,000 impressions' applies to product too â€” one user without a bug > 1,000 who leave

Ranger catches bugs before users do â€” automated E2E testing on your live product

ranger.net",Not sent
RANGER,41,@mehulmpt,27067,"Posted: 'This app is so buggy that it is embarrassing. Don't vibe code in production, folks'","The warning that comes right after the embarrassment","'don't vibe code in production' â€” the warning that comes right after the embarrassment

Ranger is the layer between vibe coding and production embarrassment â€” automated E2E tests that catch what the AI missed before users do

ranger.net",Not sent
RANGER,42,@acdlite,73380,"Posted: 'e2e tests continue to be underrated. A good e2e test lasts forever. It's the only kind of test I want to write anymore'","ReactJS core team â€” the correct take most teams act against","'a good e2e test lasts forever' â€” the correct take that most teams still act against

Ranger generates and maintains those e2e tests automatically â€” you get permanent coverage without the write-time cost

ranger.net",Not sent
RANGER,43,@valigo,7230,"Posted: 'Anyone telling you they ship 10x features with vibe coding don't actually work on anything complex or important'","Complexity collapse isn't visible until prod","'vibe coding on a serious project' â€” the complexity collapse isn't visible until prod

Ranger runs automated E2E tests on the output so you know what the vibe-coded app is actually doing before it does it to users

ranger.net",Not sent
RANGER,44,@rutu_3,4049,"Posted: 'DON'T VIBE CODE YOUR PROJECTS PLS!! I got a project from a client who had vibe coded his entire web platform. Worked fine until he decided to scale it'","Most expensive form of technical debt","the vibe-coded platform that 'worked fine' until scale â€” the most expensive form of technical debt

Ranger runs automated E2E tests on the live product â€” catches what looked fine in dev before it falls apart in prod

ranger.net",Not sent
RANGER,45,@burakeregar,7044,"Posted: 'over 80% of the vibe coded apps have critical security vulnerabilities. here is the checklist to make sure your app doesn't have this'","80% with critical vulnerabilities â€” and that's just security","80% of vibe coded apps with critical vulnerabilities â€” and that's just security, not counting functional failures

Ranger covers the functional E2E layer â€” automated tests running continuously so bugs that aren't on your security checklist don't get users first

ranger.net",Not sent
RANGER,46,@Anubhavhing,6555,"Posted: 'For all Vibe Coders. Here is a list of checks that you should must do before launching. This could save you from losing control of your product'","Ranger should be on that checklist","the pre-launch checklist for vibe coders is real â€” Ranger should be on it

automated E2E tests on your live app, runs continuously after launch too. the thing that catches what the checklist misses

ranger.net",Not sent
RANGER,47,@kenwheeler,65381,"Posted: 'you just did the same thing 2 prompts ago that was wrong then and wrong now. undo that, its broken now â€” vibe coding'","The vibe coding loop","'you did the same thing 2 prompts ago that was wrong then and wrong now' â€” the loop that tests break

Ranger gives you ground truth: automated E2E tests that confirm it's actually fixed before you trust the AI again

ranger.net",Not sent
RANGER,48,@peach2k2,6616,"Posted: 'XQC: In a bigger codebase, it'll keep breaking something with each task. Eventually you'll end up spending millions of tokens on fixing a simple bug again and again'","Loop exists because there's no test to confirm it's fixed","'millions of tokens fixing the same bug again and again' â€” that loop exists because there's no test to confirm it's fixed

Ranger runs automated E2E tests after each change â€” so you know when it's fixed and when the AI just thinks it is

ranger.net",Not sent
RANGER,49,@aarondfrancis,57271,"Posted: 'I've been building Solo for several months, and it's out today! It's a desktop app that manages your entire dev stack'","Day-one launch is when you need to know what's broken","months of building Solo, launching today â€” day one is exactly when you need to know what's broken before users tell you

Ranger runs automated E2E tests on your live product â€” worth knowing about for the next one

ranger.net",Not sent
RANGER,50,@DsMatie,32392,"Posted: 'I developed alone my Shopify App. And grew it to $25K MRR. But I'm the worst developer ever'","The product works â€” Ranger keeps it working","$25K MRR as the 'worst developer ever' â€” the product works, which is what actually matters

Ranger keeps it working automatically â€” E2E tests running continuously so the MRR doesn't drop because something broke quietly

ranger.net",Not sent
RANGER,51,@Adriksh,7061,"Posted: 'Vibe coding gone wrong. That's not a bug, it's a transparency feature'","The vibe coder's defence mechanism","'that's not a bug, it's a transparency feature' â€” the vibe coder's defence mechanism

Ranger catches the transparency features before users name them â€” automated E2E testing on your live product

ranger.net",Not sent
RANGER,52,@SoftEngineer,1600,"Posted: 'working on complex systems, I find myself spending ~50% of the time on development tooling â€” visualising state for debugging, inspecting internal data'","Cost of not having automated tests surfacing state early","50% of time on debugging tooling â€” that's the cost of not having automated tests surfacing state early

Ranger generates E2E tests that give you external visibility into your system's state without the custom tooling overhead

ranger.net",Not sent
RANGER,53,@martinlasek,3817,"Posted: 'Installed, enabled full keyboard access and audio. But during onboarding received this error: [screenshot]. Hope this helps debug it!'","The bug that ends the relationship before it starts","hitting an onboarding error on the first install is the highest-cost bug â€” it ends the relationship before it starts

Ranger tests your onboarding flow continuously so that error never reaches a new user

ranger.net",Not sent
RANGER,54,@donnfelker,29559,"Posted: 'the app seems to get really sluggish quickly. Restarting fixes it for only a short time. I'm on the latest version'","Intermittent bugs â€” impossible to catch without continuous automated testing","intermittent sluggishness that restarts fix is the worst category of bug â€” impossible to catch without continuous automated testing

Ranger runs E2E tests against your live app continuously â€” surfaces 'works fine then slows down' patterns

ranger.net",Not sent
RANGER,55,@_saberamani,506,"Posted: 'Feature creep sneaks up quietly when you build solo. Shipping gets harder, not easier'","Each new feature breaks old flows silently","'shipping gets harder, not easier' when feature creep accumulates â€” each new feature breaks old flows silently

Ranger runs E2E tests on your live product continuously â€” new features don't break old flows without you knowing

ranger.net",Not sent
RANGER,56,@Princeflexzy0,4335,"Posted: '10+ hours in. Brain fried. But the code works, pushed to deployment. That's all that matters'","'It works' gets verified by something other than hope","'code works, pushed to deployment' after 10 hours â€” the bravest sentence in software

Ranger runs automated tests after every deploy so 'it works' gets verified by something other than hope

ranger.net",Not sent
RANGER,57,@mj_cobsa,300,"Posted: 'We are building pipelines and finding tools to patch the leaks. We are at a discovery and learning stage. Feeling the FOMO and the excitement at the same time'","QA is the leak most teams patch last","'building pipelines and finding tools to patch the leaks' â€” QA is the leak most teams patch last

Ranger is automated E2E testing that runs on your live product â€” the leak patcher that doesn't need manual setup to keep working

ranger.net",Not sent
RANGER,58,@0xIlyy,14529,"Posted: 'IDE takes 30 minutes to open. Compiles for 2 hours just to segfault. 60 lines stacktrace for a missing semicolon. debug build: 4GB'","Failure surface is the app, not the compile chain","'compiles for 2 hours just to segfault' â€” the debugging experience most engineers know too well

Ranger runs E2E tests against your live environment so the failure surface is the app behavior, not the compile chain

ranger.net",Not sent
RANGER,59,@codyschneiderxx,55394,"Posted: 'had dinner with engineer lead at startup, their SaaS vendor tried to double price from $70k to $170k a year, CTO said i think we can have claude write this, 3 week sprint cloned and replaced vendor'","SaaS vendor doubling price and getting cloned in 3 weeks is the sharpest illustration of build vs buy","Hey, a $70kâ†’$170k SaaS bill getting cloned in a 3-week sprint â€” that's the most efficient argument for in-house I've seen

Ranger is the QA layer that makes those internal builds actually stable â€” automated E2E tests that run continuously so the clone doesn't break in prod

check out ranger.net",Not sent
RANGER,60,@sachinyadav699,4501,"Posted: 'graduated and unemployed? Build a scrappy SaaS at 2 AM. Break prod. Fix prod. Ship anyway. Then market it like your rent depends on impressions'","Break prod. Fix prod. Ship anyway â€” the most honest description of solo founder lifecycle","Hey, ""Break prod. Fix prod. Ship anyway"" â€” the most honest solo founder lifecycle I've seen written out

Ranger is what turns that loop into: ship, tests catch the break, fix before users do

check out ranger.net",Not sent
RANGER,61,@digitalshane_,2826,"Posted: 'As much as @supabase has been great, this is a complete failure â€” if staging/testing does not match prod you might as well shut down your software business'","staging/testing not matching prod = might as well shut down â€” the harshest but most accurate take","Hey, ""if staging doesn't match prod you might as well shut down"" â€” the harshest but most accurate take on environment drift

Ranger runs E2E tests in your actual live environment, not staging, so the mismatch stops killing prod deployments

check out ranger.net",Not sent
RANGER,62,@devops_nk,12217,"Posted: 'CI Pipeline Succeeds but App is Broken in Prod â€” suggests something missing in validation phase, or environment mismatches between staging and prod'","CI passes but app broken in prod â€” the exact gap Ranger fills","Hey, ""CI passes, app broken in prod"" â€” environment mismatches are exactly the gap between pipeline success and actual reliability

Ranger runs E2E tests in your live environment so the validation phase catches what CI misses

check out ranger.net",Not sent
RANGER,63,@embersunn,31935,"Posted: 'When you deployed to production on a Friday and the Server immediately crashes but you called next week off' [meme]","Friday prod deploy + immediate crash + week off booked â€” the trifecta","Hey, deployed on Friday, server crashes immediately, next week is booked off â€” the trifecta

Ranger catches failures before they hit prod, automated E2E tests on every deploy so Friday doesn't become that story

check out ranger.net",Not sent
RANGER,64,@PrajwalTomar_,51163,"Posted: 'Vibe coding feels great until real users show up. Everything looks fine in development. Then 10 users sign up and things start breaking. Rate limits fail. Validation misses edge cases. Security gaps appear.'","Vibe coding collapses under real users â€” rate limits, validation, security all surface at once","Hey, ""vibe coding feels great until real users show up"" â€” rate limits, validation, security all collapse at once at user 10

Ranger tests your app against real usage patterns before users get there, E2E tests running continuously on your live product

check out ranger.net",Not sent
RANGER,65,@despair,4571,"Posted: 'I liked this video so much I decided to write up all the bugs in it. Maybe other devs can spot things I missed, or speculate likely causes and assignees'","Bug writeup as a hobby â€” the kind of person who thinks in failure modes","Hey, writing up every bug in a video for fun â€” the exact mindset that makes automated testing make sense

Ranger runs E2E tests on your live product continuously and surfaces failures with the same granularity, minus the manual effort

check out ranger.net",Not sent
RANGER,66,@EricBuess,4269,"Posted: 'Don't trust when Claude Code claims a tricky UI bug was fixed. Have it make a testing plan & make sure it closes this loop. It codes, one subagent tests, a second blind subagent validates.'","Multi-agent testing workflow to verify Claude Code actually fixed what it claimed â€” the right instinct","Hey, ""don't trust Claude Code when it claims the UI bug is fixed"" â€” the right instinct, and the right structure

Ranger does that verification automatically â€” E2E tests that run after every AI code change and confirm what's actually fixed

check out ranger.net",Not sent
RANGER,67,@anamhira,612,"Posted: 'Uber had entire floors of people doing manual testing. They used Appium and XCUITest but engineers ended up spending 50% of time on test maintenance'","Uber's manual testing army â†’ brittle Appium tests â†’ 50% time on maintenance â€” the exact problem Ranger solves","Hey, Uber floors of manual testers â†’ Appium â†’ engineers spending 50% on test maintenance â€” that's exactly the problem Ranger is solving

Ranger writes and maintains the E2E tests automatically so teams get coverage without the maintenance overhead

check out ranger.net",Not sent
RANGER,68,@srivatsamudumby,1100,"Posted: 'Hot take: in the early days, speed is the only feature that matters. If you aren't slightly embarrassed by v1, you waited too long. Ship fast. Fix later.'","Ship fast, fix later â€” Ranger is the fix later part, automated","Hey, ""ship fast, fix later"" â€” Ranger is the fix later part, running automatically

E2E tests on your live product continuously so fixing later means fixing before users find it, not after

check out ranger.net",Not sent
RANGER,69,@arjunz,535,"Posted: 'I'm getting tired of @vercel support, production deployment has been broken for 2 days now and support has no clue how to fix it'","2 days of broken prod, Vercel support clueless â€” the vendor dependency failure","Hey, production broken for 2 days and Vercel support has no clue â€” the worst kind of blocker

Ranger monitors your live environment continuously so you know the moment something breaks, not 2 days after users have been hitting it

check out ranger.net",Not sent
RANGER,70,@shredandship,927,"Posted: 'Solo founder product requirements: 1. What problem am I solving? 2. Who has it? 3. What's the smallest thing that actually helps? Build and ship it.'","Solo founder minimal requirements â†’ ship it â€” clean process, Ranger is the QA that doesn't slow it down","Hey, ""what's the smallest thing that actually helps? Build and ship it"" â€” the cleanest solo founder process

Ranger is the QA that fits that cadence â€” automated E2E tests running after every ship, no maintenance overhead

check out ranger.net",Not sent
RANGER,71,@FI_investor,4693,"Posted: 'First $1,000 from a SaaS ðŸ¥³ 2 months of work on the product. Under the surface: 20 failures in 12 years'","First $1k from SaaS after 20 failures across 12 years â€” that persistence deserves a stable product","Hey, first $1k from SaaS after 20 failures across 12 years â€” that persistence deserves a product that stays stable as it grows

Ranger runs automated E2E tests on your live product continuously so the next failure isn't a silent prod bug

check out ranger.net",Not sent
RANGER,72,@Portall,1052,"Posted: 'My personal files leaked today. Two strangers uploaded furniture invoices to my server. Had to wipe everyone's memory mid-day. Best launch I've ever had.'","Files leaked on launch day â€” ""best launch ever"" said through gritted teeth","Hey, ""two strangers uploaded furniture invoices to my server on launch day â€” best launch ever"" is the most relatable disaster in software

Ranger catches edge cases like that before users discover them, automated E2E tests running on your live product from day one

check out ranger.net",Not sent
RANGER,73,@5Tacos,1654,"Posted: 'If you can't constrain outputs + prove provenance + log decisions, don't deploy it in production'","Strong stance on production AI safety â€” provenance, constraints, logging as non-negotiables","Hey, ""if you can't prove provenance and log decisions, don't deploy"" â€” the right bar for production AI

Ranger generates human-readable Playwright tests with full audit trails so you can prove what your app is doing and when it broke

check out ranger.net",Not sent
RANGER,74,@dejavucoder,23665,"Posted: 'oh backend enginoor, you kept scaling up even without enough DAU, switched to microservices, each service has pods running at 10% CPU, now AWS bills are through the roof'","Engineering decisions made ahead of scale â†’ AWS bill crisis â€” the most relatable engineering arc","Hey, scaled to microservices before the DAU warranted it, now paying for pods at 10% CPU utilization â€” the most relatable engineering arc

Ranger is the layer that stops you shipping more features into a system you're not sure is working right â€” E2E tests running on every deploy

check out ranger.net",Not sent
RANGER,75,@comforteagle,1001,"Posted: 'It recovered from a post-restart cascade failure on its own. openclaw/opus' â€” into AI agents","Cascade failure recovery as a positive sign â€” someone tracking their agent system's behavior closely","Hey, ""recovered from a post-restart cascade failure on its own"" â€” that's exactly the kind of system behavior Ranger surfaces

automated E2E tests running on your live product so you know what's recovering, what's failing, and what you didn't expect

check out ranger.net",Not sent
RANGER,76,@maestro__dev,18041,"Posted: 'AUTOMATE mobile app testing with a flow your team can actually read, trust, and debug'","Building a mobile testing tool â€” Ranger for web, Maestro for mobile, natural overlap","Hey, ""a testing flow your team can actually read, trust, and debug"" â€” that's exactly the bar Ranger holds for web E2E

Human-readable Playwright tests with QA expert review â€” the same philosophy, different surface. thought you'd find it interesting

check out ranger.net",Not sent
RANGER,77,@alex_prompter,84402,"Posted: 'There's now an AI that debugs your app, clicks through the UI, finds what's broken, and fixes it on its own. 97% success rate.'","Large reach, posting about AI debugging tools â€” adjacent to Ranger's positioning","Hey, ""AI that clicks through the UI, finds what's broken, fixes it on its own"" â€” that's getting close to what Ranger does

Ranger runs automated E2E tests, auto-triages failures, and surfaces what's broken before users do. thought the overlap was worth flagging

check out ranger.net",Not sent
CORNERS,26,@_obojr,5110,"Posted: 'The creator economy is evolving and for once, creators are not just the product â€” they're becoming the owners'","Creators becoming owners not just product â€” exactly the Corners model","Hey, ""creators are not just the product, they're becoming the owners"" â€” corners.market is built exactly on that

communities deploy a token on Base, members curate the best content with it, curators earn SAND rewards. ownership is the mechanic not just the pitch

corners.market",Not sent
CORNERS,27,@TheBasedTown,342,"Posted: 'Communities that build together, earn together. Each week, top communities in Based Town share in $TOWN rewards based on visits and engagement'","Community rewards model on Base â€” same philosophy as Corners but different mechanic","Hey, ""communities that build together, earn together"" is exactly what corners.market is built for

deploy a token on Base, members vote on the best content with it, curators earn SAND rewards. curation as the earning mechanic not just engagement

corners.market",Not sent
CORNERS,28,@DegenOnBase_,41114,"Posted: 'gm base bros. Everyone is coming onchain on @base. Net inflows into Base holding strong'","Daily Base ecosystem coverage, 41K followers â€” influential in the Base community","Hey, covering Base daily â€” corners.market is one of the things worth knowing about that's been building here quietly

community curation platform: communities deploy tokens, members vote on the best content with token weight, curators earn SAND. content rises by community stake not algorithm

corners.market",Not sent
CORNERS,29,@ggmxbt,1125,"Posted: 'letting go a lot of people in the SocialFi bandwagon and hard pivoting Base App... Zora probably knows that without Jesse shilling Creator coins it was going nowhere'","Sharp take on the Base SocialFi collapse â€” understands exactly what went wrong","Hey, ""without Jesse shilling creator coins it was going nowhere"" â€” the sharpest take on what actually happened

corners.market is trying to be the model that doesn't need celebrity shilling: community curation on Base, token-weighted voting, SAND rewards for quality content

corners.market",Not sent
CORNERS,30,@e2005pe,816,"Posted: 'Could this not have worked on Base where creators can pair their posts with both trends and their creator coin â€” an issue with Zora on Base was finding content you wanted to see, this would have solved it'","Identified the exact Zora UX problem â€” content discoverability â€” and proposed curation as the fix","Hey, ""an issue with Zora on Base was finding content you wanted to see"" â€” that's exactly the problem corners.market is solving

community curation: deploy a token, members vote on the best content with it, what rises is decided by community stake not recency

corners.market",Not sent
CORNERS,31,@Btcplug_,736,"Posted: 'There are a few decentralized protocols and dexes still loyal and building on @base. These protocols are actually useful and still being used by onchain users'","Tracking what's actually building on Base post-drama â€” good distribution target","Hey, tracking what's actually still building on Base and being used â€” corners.market belongs on that list

community curation platform: communities deploy tokens, members vote on the best content, curators earn SAND rewards. been building here quietly

corners.market",Not sent
CORNERS,32,@0xteo,1358,"Posted: 'Looking for distribution on @baseapp? Add the Basemate agent to your group chat to immediately unlock discovery for your Community'","Building community discovery tooling on Base â€” direct overlap with Corners' curation model","Hey, building community discovery on Base is exactly what corners.market is doing at the content layer

communities deploy a token, members curate the best content with token-weighted voting, curators earn SAND rewards. different mechanic, same problem â€” thought you'd find the overlap interesting

corners.market",Not sent
CORNERS,33,@BasedEastAfrica,18236,"Posted: 'Base Batches 003 is officially live! Apply now'","Official Base East Africa community â€” large regional Base community, potential multiplier","Hey, building the Base community in East Africa â€” corners.market is the curation layer that could give your community a way to surface and reward the best content together

deploy a token on Base, members vote on the best content with it, curators earn SAND rewards. worth exploring for your chapter

corners.market",Not sent
CORNERS,34,@Arlo_the_Intern,1958,"Posted: 'It pains me to see people question us here. Anon devs milking Base for launchpad fees for worthless tokens and terrible stuff going on. Dilution and extraction is the name of the game'","Frustrated with extraction mechanics on Base â€” wants substance over speculation","Hey, ""dilution and extraction is the name of the game"" â€” corners.market is trying to be the opposite

community curation: communities deploy tokens that function as voting weight, members curate the best content, curators earn SAND for quality. merit not extraction

corners.market",Not sent
CORNERS,35,@indrazulfi,8541,"Posted: 'I made an opensource project called opencircle â€” an exclusive community platform for creators, mentors, educators to build and maintain community in a single place'","Building a community platform â€” direct overlap with Corners, builder crowd","Hey, building opencircle as a community platform for creators â€” corners.market is the onchain version of that problem

communities deploy a token on Base, members curate the best content with token-weighted voting, curators earn SAND. the incentive layer for the kind of community you're building

corners.market",Not sent
CORNERS,36,@samuellhuber,2616,"Posted: 'Everyone here was a bhai builder so we spent time working and hacking things together. We explored the depths of Farcaster, Base, and onchain ecosystem'","Active Base/Farcaster ecosystem builder and explorer","Hey, deep in the Farcaster and Base ecosystem â€” corners.market is one of the things worth knowing about

community curation platform on Base: communities deploy tokens, members vote on the best content with token weight, curators earn SAND rewards. been building quietly

corners.market",Not sent
CORNERS,37,@varunsrin,15091,"Posted: 'Degen is now rewarding the best posters on Farcaster. The total reward pool for posting bangers is now up to $16,000 / week and growing'","Co-founder of Farcaster, working on Tempo â€” deep in the onchain social space","Hey, building reward systems for great content on Farcaster â€” corners.market is doing the curation version of that on Base

communities deploy tokens, members vote on the best content with token weight, curators earn SAND rewards for surfacing quality. thought you'd find the mechanic interesting

corners.market",Not sent
CORNERS,38,@__iamcharis,22921,"Posted: 'Community building as a lady in Web3 is a different kind of responsibility entirely. When you're a woman leading a community, people automatically expect two things of you'","Community builder, ex-Base Ambassador, 22K followers","Hey, community building in web3 as a full-time craft â€” corners.market is the curation infrastructure you could plug under a community you're already running

deploy a token on Base, members curate the best content with token-weighted voting, curators earn SAND rewards. worth exploring

corners.market",Not sent
CORNERS,39,@ourcryptotalk,77049,"Posted: 'ðŸš¨ CT Creator Ecosystem. The real creator ecosystem is the alpha now. Here are the best of the best creators we know'","77K followers, curates the best CT creators â€” literally does manually what Corners automates","Hey, curating the best CT creators manually at 77K followers â€” corners.market is what that looks like onchain

communities deploy tokens, members vote on the best content with token weight, curators earn SAND rewards. your curation has a revenue model here

corners.market",Not sent
CORNERS,40,@dexfundz,11780,"Posted: 'I host high-impact spaces, write sharp white papers, create content that actually connects, and grow strong, engaged communities around Web3 projects'","Community builder + content creator in web3 â€” direct Corners user persona","Hey, building engaged communities around web3 projects is exactly what corners.market is designed for

deploy a token on Base, members curate the best content with token-weighted voting, curators earn SAND rewards. the onchain infrastructure for the communities you're already building

corners.market",Not sent
RANGER,78,@johnlindquist,28222,"Posted: 'Vibe Coders: when you fix a bug, prompt the AI to make a regression test. This captures the bug and should prevent the AI from making that exact same mistake in the future. They are *extremely important*'","Teaching vibe coders to write regression tests â€” AI Dev DX at Vercel, Claude Code Ambassador","Hey, ""when you fix a bug, prompt the AI to make a regression test"" â€” the right instinct, and Ranger automates that whole loop

regression tests generated automatically after every change so the AI doesn't repeat the same mistake

check out ranger.net",Not sent
RANGER,79,@mayowaoshin,20278,"Posted: 'Imo the @cursor_ai + claude sonnet hype is blown out of proportion. As an early adopter with 1,000+ hours, here are 3 major issues: [context drift, hallucinated fixes, regression bugs]'","Heavy Cursor user calling out its major issues including regression bugs â€” building AI automation tools","Hey, 1,000+ hours in Cursor and you're calling out the regression bug problem â€” that's exactly the gap Ranger fills

automated E2E tests that run after every AI change and tell you if it actually fixed it or broke something else

check out ranger.net",Not sent
RANGER,80,@lenadroid,21539,"Posted: 'Breaking production is a hugely traumatic experience for new engineers. It shouldn't be. Easily breakable system isn't the fault of the person â€” it's an indicator that something else is broken. Lack of tests.'","Senior Director at Akamai, framing prod breaks as system failures not individual failures","Hey, ""easily breakable systems aren't the fault of the engineer â€” they're an indicator that something else is broken"" â€” the systems thinking take most orgs still miss

Ranger is the systematic layer: automated E2E tests running continuously so the system catches failures before the engineer does

check out ranger.net",Not sent
RANGER,81,@pgte,4610,"Posted: 'Baptism of fire. They will not test your system. They will test your system by releasing it to the public without proper testing. Because they have someone to blame if things go wrong. You.'","Builder of @helpmaton, sharp take on why companies release without testing â€” scapegoat culture","Hey, ""they'll test your system by releasing it to the public without proper testing â€” because they have someone to blame if things go wrong. You.""

Ranger removes the blame surface: automated E2E tests running before release so the system failure is caught before it becomes someone's career

check out ranger.net",Not sent
RANGER,82,@_devJNS,34440,"Posted: '> added a new feature > everything stopped working > removed the feature to go back > now the OLD code won't work either'","The cascade regression experience â€” software engineer building and learning","Hey, ""removed the new feature to roll back, now the old code won't work either"" â€” the regression cascade

Ranger catches that before it happens: automated E2E tests that run after every change so you know what's still working and what just broke

check out ranger.net",Not sent
RANGER,83,@mattwelter,31395,"Posted: '0 investors, 0 employees, 0 regrets. this is what a 1-person software business looks like'","Solo founder of a 1-person software business â€” no team means no QA","Hey, 0 investors, 0 employees, 0 regrets â€” the solo software business

Ranger is the QA team you don't have: automated E2E tests running on your live product continuously so a 1-person business gets coverage without the headcount

check out ranger.net",Not sent
RANGER,84,@anumness,5742,"Posted: 'Launched my app with zero marketing plan. 2 downloads in the first week. Both were just me testing ðŸ’€'","Indie iOS dev who launched with zero marketing â€” both downloads were herself testing","Hey, launched with zero marketing and both downloads were yourself testing ðŸ’€ â€” the most honest launch post I've seen

Ranger is the automated testing layer so the next launch doesn't require you to be download #1 and #2

check out ranger.net",Not sent
RANGER,85,@iamwillcannon,59228,"Posted: '#2 Always Be Testing. With SaaS, you need to look at what users are doing in your app. Why are they doing that? How can you push them to do this?'","Founder CEO who built $0â†’$30M in sales, strong on testing and user behavior","Hey, ""always be testing"" â€” you mean user behavior testing, but the principle applies to E2E product testing too

Ranger runs automated tests on your live product continuously so you know when something changes in behavior before users tell you

check out ranger.net",Not sent
RANGER,86,@DianaChimes,4031,"Posted: 'After 9 months in stealth, I just shipped my most ambitious product. Built from scratch. Zero funding. Fully in-house team. And she's perfect.'","9 months, zero funding, shipped ambitious product â€” the moment right before reality hits","Hey, 9 months in stealth, shipped solo with no funding â€” the bravest kind of launch

Ranger catches what breaks before users do: automated E2E tests on your live product from day one so ""she's perfect"" stays true past launch day

check out ranger.net",Not sent
RANGER,87,@Steele_Jared,5023,"Posted: 'I'm a non-technical founder that foolishly started an IoT/hardware startup. First year: spent $80k, went through 3 CTOs'","Non-technical founder navigating technical complexity â€” exactly who gets burned by production bugs","Hey, non-technical founder, $80k in, 3 CTOs in â€” that's the path where production bugs are the most expensive surprise

Ranger gives you external visibility into your product without needing a technical team: automated E2E tests that surface failures in plain language

check out ranger.net",Not sent
RANGER,88,@swlkr,4663,"Posted: 'when you write a rust app, no tests, and it works first try' [meme]","Artisan programmer joking about shipping without tests â€” self-aware about the risk","Hey, ""rust app, no tests, works first try"" â€” every developer's dream, nobody's consistent reality

Ranger is what makes that confidence real: automated E2E tests running on your live product so the first-try success actually holds

check out ranger.net",Not sent
RANGER,89,@Sosowski,21290,"Posted: 'If your game scope is too big for all bugs to be found, you didn't hire enough testers or give them enough time. You should have said We didn't do enough testing'","Mad scientist game dev, sharp take on why "game too big to test" is a cop-out","Hey, ""we didn't do enough testing"" is always the honest answer â€” the scope excuse is the cover story

Ranger removes the excuse: automated E2E tests running continuously so coverage scales with the product, not the headcount

check out ranger.net",Not sent
